0 1.999315 1.757634 2.636451 2.998972 0.052354 0.954318 1.431476 0.078531
1 2.998972 2.636451 3.515268 3.998629 0.078531 1.431476 1.908635 0.104708
2 3.998629 3.515268 4.394086 4.998287 0.104708 1.908635 2.385794 0.130885
3 4.998287 4.394086 5.272903 5.997944 0.130885 2.385794 2.862953 0.157062
4 5.997944 5.272903 6.151720 6.997601 0.157062 2.862953 3.340111 0.183239
5 6.997601 6.151720 7.030537 7.997259 0.183239 3.340111 3.817270 0.209416
6 7.997259 7.030537 7.909354 8.996916 0.209416 3.817270 4.294429 0.235593
7 8.996916 7.909354 8.788171 9.996573 0.235593 4.294429 4.771588 0.261769
8 9.996573 8.788171 9.666988 10.996231 0.261769 4.771588 5.248746 0.287946
9 1.705280 1.044997 1.567496 2.557920 1.044997 1.705280 2.557920 1.567496
10 2.557920 1.567496 2.089994 3.410561 1.567496 2.557920 3.410561 2.089994
11 3.410561 2.089994 2.612493 4.263201 2.089994 3.410561 4.263201 2.612493
12 4.263201 2.612493 3.134991 5.115841 2.612493 4.263201 5.115841 3.134991
13 5.115841 3.134991 3.657490 5.968481 3.134991 5.115841 5.968481 3.657490
14 5.968481 3.657490 4.179989 6.821121 3.657490 5.968481 6.821121 4.179989
15 6.821121 4.179989 4.702487 7.673761 4.179989 6.821121 7.673761 4.702487
16 7.673761 4.702487 5.224986 8.526402 4.702487 7.673761 8.526402 5.224986
17 8.526402 5.224986 5.747484 9.379042 5.224986 8.526402 9.379042 5.747484
18 0.954318 0.052354 0.078531 1.431476 1.757634 1.999315 2.998972 2.636451
19 1.431476 0.078531 0.104708 1.908635 2.636451 2.998972 3.998629 3.515268
20 1.908635 0.104708 0.130885 2.385794 3.515268 3.998629 4.998287 4.394086
21 2.385794 0.130885 0.157062 2.862953 4.394086 4.998287 5.997944 5.272903
22 2.862953 0.157062 0.183239 3.340111 5.272903 5.997944 6.997601 6.151720
23 3.340111 0.183239 0.209416 3.817270 6.151720 6.997601 7.997259 7.030537
24 3.817270 0.209416 0.235593 4.294429 7.030537 7.997259 8.996916 7.909354
25 4.294429 0.235593 0.261769 4.771588 7.909354 8.996916 9.996573 8.788171
26 4.771588 0.261769 0.287946 5.248746 8.788171 9.996573 10.996231 9.666988
27 -0.052354 -0.954318 -1.431476 -0.078531 1.999315 1.757634 2.636451 2.998972
28 -0.078531 -1.431476 -1.908635 -0.104708 2.998972 2.636451 3.515268 3.998629
29 -0.104708 -1.908635 -2.385794 -0.130885 3.998629 3.515268 4.394086 4.998287
30 -0.130885 -2.385794 -2.862953 -0.157062 4.998287 4.394086 5.272903 5.997944
31 -0.157062 -2.862953 -3.340111 -0.183239 5.997944 5.272903 6.151720 6.997601
32 -0.183239 -3.340111 -3.817270 -0.209416 6.997601 6.151720 7.030537 7.997259
33 -0.209416 -3.817270 -4.294429 -0.235593 7.997259 7.030537 7.909354 8.996916
34 -0.235593 -4.294429 -4.771588 -0.261769 8.996916 7.909354 8.788171 9.996573
35 -0.261769 -4.771588 -5.248746 -0.287946 9.996573 8.788171 9.666988 10.996231
36 -1.044997 -1.705280 -2.557920 -1.567496 1.705280 1.044997 1.567496 2.557920
37 -1.567496 -2.557920 -3.410561 -2.089994 2.557920 1.567496 2.089994 3.410561
38 -2.089994 -3.410561 -4.263201 -2.612493 3.410561 2.089994 2.612493 4.263201
39 -2.612493 -4.263201 -5.115841 -3.134991 4.263201 2.612493 3.134991 5.115841
40 -3.134991 -5.115841 -5.968481 -3.657490 5.115841 3.134991 3.657490 5.968481
41 -3.657490 -5.968481 -6.821121 -4.179989 5.968481 3.657490 4.179989 6.821121
42 -4.179989 -6.821121 -7.673761 -4.702487 6.821121 4.179989 4.702487 7.673761
43 -4.702487 -7.673761 -8.526402 -5.224986 7.673761 4.702487 5.224986 8.526402
44 -5.224986 -8.526402 -9.379042 -5.747484 8.526402 5.224986 5.747484 9.379042
45 -1.757634 -1.999315 -2.998972 -2.636451 0.954318 0.052354 0.078531 1.431476
46 -2.636451 -2.998972 -3.998629 -3.515268 1.431476 0.078531 0.104708 1.908635
47 -3.515268 -3.998629 -4.998287 -4.394086 1.908635 0.104708 0.130885 2.385794
48 -4.394086 -4.998287 -5.997944 -5.272903 2.385794 0.130885 0.157062 2.862953
49 -5.272903 -5.997944 -6.997601 -6.151720 2.862953 0.157062 0.183239 3.340111
50 -6.151720 -6.997601 -7.997259 -7.030537 3.340111 0.183239 0.209416 3.817270
51 -7.030537 -7.997259 -8.996916 -7.909354 3.817270 0.209416 0.235593 4.294429
52 -7.909354 -8.996916 -9.996573 -8.788171 4.294429 0.235593 0.261769 4.771588
53 -8.788171 -9.996573 -10.996231 -9.666988 4.771588 0.261769 0.287946 5.248746
54 -1.999315 -1.757634 -2.636451 -2.998972 -0.052354 -0.954318 -1.431476 -0.078531
55 -2.998972 -2.636451 -3.515268 -3.998629 -0.078531 -1.431476 -1.908635 -0.104708
56 -3.998629 -3.515268 -4.394086 -4.998287 -0.104708 -1.908635 -2.385794 -0.130885
57 -4.998287 -4.394086 -5.272903 -5.997944 -0.130885 -2.385794 -2.862953 -0.157062
58 -5.997944 -5.272903 -6.151720 -6.997601 -0.157062 -2.862953 -3.340111 -0.183239
59 -6.997601 -6.151720 -7.030537 -7.997259 -0.183239 -3.340111 -3.817270 -0.209416
60 -7.997259 -7.030537 -7.909354 -8.996916 -0.209416 -3.817270 -4.294429 -0.235593
61 -8.996916 -7.909354 -8.788171 -9.996573 -0.235593 -4.294429 -4.771588 -0.261769
62 -9.996573 -8.788171 -9.666988 -10.996231 -0.261769 -4.771588 -5.248746 -0.287946
63 -1.705280 -1.044997 -1.567496 -2.557920 -1.044997 -1.705280 -2.557920 -1.567496
64 -2.557920 -1.567496 -2.089994 -3.410561 -1.567496 -2.557920 -3.410561 -2.089994
65 -3.410561 -2.089994 -2.612493 -4.263201 -2.089994 -3.410561 -4.263201 -2.612493
66 -4.263201 -2.612493 -3.134991 -5.115841 -2.612493 -4.263201 -5.115841 -3.134991
67 -5.115841 -3.134991 -3.657490 -5.968481 -3.134991 -5.115841 -5.968481 -3.657490
68 -5.968481 -3.657490 -4.179989 -6.821121 -3.657490 -5.968481 -6.821121 -4.179989
69 -6.821121 -4.179989 -4.702487 -7.673761 -4.179989 -6.821121 -7.673761 -4.702487
70 -7.673761 -4.702487 -5.224986 -8.526402 -4.702487 -7.673761 -8.526402 -5.224986
71 -8.526402 -5.224986 -5.747484 -9.379042 -5.224986 -8.526402 -9.379042 -5.747484
72 -0.954318 -0.052354 -0.078531 -1.431476 -1.757634 -1.999315 -2.998972 -2.636451
73 -1.431476 -0.078531 -0.104708 -1.908635 -2.636451 -2.998972 -3.998629 -3.515268
74 -1.908635 -0.104708 -0.130885 -2.385794 -3.515268 -3.998629 -4.998287 -4.394086
75 -2.385794 -0.130885 -0.157062 -2.862953 -4.394086 -4.998287 -5.997944 -5.272903
76 -2.862953 -0.157062 -0.183239 -3.340111 -5.272903 -5.997944 -6.997601 -6.151720
77 -3.340111 -0.183239 -0.209416 -3.817270 -6.151720 -6.997601 -7.997259 -7.030537
78 -3.817270 -0.209416 -0.235593 -4.294429 -7.030537 -7.997259 -8.996916 -7.909354
79 -4.294429 -0.235593 -0.261769 -4.771588 -7.909354 -8.996916 -9.996573 -8.788171
80 -4.771588 -0.261769 -0.287946 -5.248746 -8.788171 -9.996573 -10.996231 -9.666988
81 0.052354 0.954318 1.431476 0.078531 -1.999315 -1.757634 -2.636451 -2.998972
82 0.078531 1.431476 1.908635 0.104708 -2.998972 -2.636451 -3.515268 -3.998629
83 0.104708 1.908635 2.385794 0.130885 -3.998629 -3.515268 -4.394086 -4.998287
84 0.130885 2.385794 2.862953 0.157062 -4.998287 -4.394086 -5.272903 -5.997944
85 0.157062 2.862953 3.340111 0.183239 -5.997944 -5.272903 -6.151720 -6.997601
86 0.183239 3.340111 3.817270 0.209416 -6.997601 -6.151720 -7.030537 -7.997259
87 0.209416 3.817270 4.294429 0.235593 -7.997259 -7.030537 -7.909354 -8.996916
88 0.235593 4.294429 4.771588 0.261769 -8.996916 -7.909354 -8.788171 -9.996573
89 0.261769 4.771588 5.248746 0.287946 -9.996573 -8.788171 -9.666988 -10.996231
90 1.044997 1.705280 2.557920 1.567496 -1.705280 -1.044997 -1.567496 -2.557920
91 1.567496 2.557920 3.410561 2.089994 -2.557920 -1.567496 -2.089994 -3.410561
92 2.089994 3.410561 4.263201 2.612493 -3.410561 -2.089994 -2.612493 -4.263201
93 2.612493 4.263201 5.115841 3.134991 -4.263201 -2.612493 -3.134991 -5.115841
94 3.134991 5.115841 5.968481 3.657490 -5.115841 -3.134991 -3.657490 -5.968481
95 3.657490 5.968481 6.821121 4.179989 -5.968481 -3.657490 -4.179989 -6.821121
96 4.179989 6.821121 7.673761 4.702487 -6.821121 -4.179989 -4.702487 -7.673761
97 4.702487 7.673761 8.526402 5.224986 -7.673761 -4.702487 -5.224986 -8.526402
98 5.224986 8.526402 9.379042 5.747484 -8.526402 -5.224986 -5.747484 -9.379042
99 1.757634 1.999315 2.998972 2.636451 -0.954318 -0.052354 -0.078531 -1.431476
100 2.636451 2.998972 3.998629 3.515268 -1.431476 -0.078531 -0.104708 -1.908635
101 3.515268 3.998629 4.998287 4.394086 -1.908635 -0.104708 -0.130885 -2.385794
102 4.394086 4.998287 5.997944 5.272903 -2.385794 -0.130885 -0.157062 -2.862953
103 5.272903 5.997944 6.997601 6.151720 -2.862953 -0.157062 -0.183239 -3.340111
104 6.151720 6.997601 7.997259 7.030537 -3.340111 -0.183239 -0.209416 -3.817270
105 7.030537 7.997259 8.996916 7.909354 -3.817270 -0.209416 -0.235593 -4.294429
106 7.909354 8.996916 9.996573 8.788171 -4.294429 -0.235593 -0.261769 -4.771588
107 8.788171 9.996573 10.996231 9.666988 -4.771588 -0.261769 -0.287946 -5.248746
108 11.397803 10.615850 11.547065 12.397610 0.223824 4.154964 4.519434 0.243458
109 12.397610 11.547065 12.478280 13.397417 0.243458 4.519434 4.883905 0.263091
110 13.397417 12.478280 13.409495 14.397224 0.263091 4.883905 5.248375 0.282725
111 14.397224 13.409495 14.340710 15.397032 0.282725 5.248375 5.612846 0.302359
112 15.397032 14.340710 15.271925 16.396839 0.302359 5.612846 5.977316 0.321993
113 16.396839 15.271925 16.203140 17.396646 0.321993 5.977316 6.341787 0.341626
114 17.396646 16.203140 17.134355 18.396453 0.341626 6.341787 6.706257 0.361260
115 18.396453 17.134355 18.065570 19.396260 0.361260 6.706257 7.070728 0.380894
116 19.396260 18.065570 18.996785 20.396068 0.380894 7.070728 7.435198 0.400527
117 10.444543 8.217731 8.938585 11.360731 4.568537 7.901196 8.594283 4.969286
118 11.360731 8.938585 9.659438 12.276919 4.969286 8.594283 9.287371 5.370034
119 12.276919 9.659438 10.380292 13.193107 5.370034 9.287371 9.980458 5.770783
120 13.193107 10.380292 11.101145 14.109295 5.770783 9.980458 10.673545 6.171532
121 14.109295 11.101145 11.821999 15.025482 6.171532 10.673545 11.366633 6.572281
122 15.025482 11.821999 12.542853 15.941670 6.572281 11.366633 12.059720 6.973030
123 15.941670 12.542853 13.263706 16.857858 6.973030 12.059720 12.752807 7.373779
124 16.857858 13.263706 13.984560 17.774046 7.373779 12.752807 13.445895 7.774527
125 17.774046 13.984560 14.705413 18.690234 7.774527 13.445895 14.138982 8.175276
126 7.901196 4.568537 4.969286 8.594283 8.217731 10.444543 11.360731 8.938585
127 8.594283 4.969286 5.370034 9.287371 8.938585 11.360731 12.276919 9.659438
128 9.287371 5.370034 5.770783 9.980458 9.659438 12.276919 13.193107 10.380292
129 9.980458 5.770783 6.171532 10.673545 10.380292 13.193107 14.109295 11.101145
130 10.673545 6.171532 6.572281 11.366633 11.101145 14.109295 15.025482 11.821999
131 11.366633 6.572281 6.973030 12.059720 11.821999 15.025482 15.941670 12.542853
132 12.059720 6.973030 7.373779 12.752807 12.542853 15.941670 16.857858 13.263706
133 12.752807 7.373779 7.774527 13.445895 13.263706 16.857858 17.774046 13.984560
134 13.445895 7.774527 8.175276 14.138982 13.984560 17.774046 18.690234 14.705413
135 4.154964 0.223824 0.243458 4.519434 10.615850 11.397803 12.397610 11.547065
136 4.519434 0.243458 0.263091 4.883905 11.547065 12.397610 13.397417 12.478280
137 4.883905 0.263091 0.282725 5.248375 12.478280 13.397417 14.397224 13.409495
138 5.248375 0.282725 0.302359 5.612846 13.409495 14.397224 15.397032 14.340710
139 5.612846 0.302359 0.321993 5.977316 14.340710 15.397032 16.396839 15.271925
140 5.977316 0.321993 0.341626 6.341787 15.271925 16.396839 17.396646 16.203140
141 6.341787 0.341626 0.361260 6.706257 16.203140 17.396646 18.396453 17.134355
142 6.706257 0.361260 0.380894 7.070728 17.134355 18.396453 19.396260 18.065570
143 7.070728 0.380894 0.400527 7.435198 18.065570 19.396260 20.396068 18.996785
144 -0.223824 -4.154964 -4.519434 -0.243458 11.397803 10.615850 11.547065 12.397610
145 -0.243458 -4.519434 -4.883905 -0.263091 12.397610 11.547065 12.478280 13.397417
146 -0.263091 -4.883905 -5.248375 -0.282725 13.397417 12.478280 13.409495 14.397224
147 -0.282725 -5.248375 -5.612846 -0.302359 14.397224 13.409495 14.340710 15.397032
148 -0.302359 -5.612846 -5.977316 -0.321993 15.397032 14.340710 15.271925 16.396839
149 -0.321993 -5.977316 -6.341787 -0.341626 16.396839 15.271925 16.203140 17.396646
150 -0.341626 -6.341787 -6.706257 -0.361260 17.396646 16.203140 17.134355 18.396453
151 -0.361260 -6.706257 -7.070728 -0.380894 18.396453 17.134355 18.065570 19.396260
152 -0.380894 -7.070728 -7.435198 -0.400527 19.396260 18.065570 18.996785 20.396068
153 -4.568537 -7.901196 -8.594283 -4.969286 10.444543 8.217731 8.938585 11.360731
154 -4.969286 -8.594283 -9.287371 -5.370034 11.360731 8.938585 9.659438 12.276919
155 -5.370034 -9.287371 -9.980458 -5.770783 12.276919 9.659438 10.380292 13.193107
156 -5.770783 -9.980458 -10.673545 -6.171532 13.193107 10.380292 11.101145 14.109295
157 -6.171532 -10.673545 -11.366633 -6.572281 14.109295 11.101145 11.821999 15.025482
158 -6.572281 -11.366633 -12.059720 -6.973030 15.025482 11.821999 12.542853 15.941670
159 -6.973030 -12.059720 -12.752807 -7.373779 15.941670 12.542853 13.263706 16.857858
160 -7.373779 -12.752807 -13.445895 -7.774527 16.857858 13.263706 13.984560 17.774046
161 -7.774527 -13.445895 -14.138982 -8.175276 17.774046 13.984560 14.705413 18.690234
162 -8.217731 -10.444543 -11.360731 -8.938585 7.901196 4.568537 4.969286 8.594283
163 -8.938585 -11.360731 -12.276919 -9.659438 8.594283 4.969286 5.370034 9.287371
164 -9.659438 -12.276919 -13.193107 -10.380292 9.287371 5.370034 5.770783 9.980458
165 -10.380292 -13.193107 -14.109295 -11.101145 9.980458 5.770783 6.171532 10.673545
166 -11.101145 -14.109295 -15.025482 -11.821999 10.673545 6.171532 6.572281 11.366633
167 -11.821999 -15.025482 -15.941670 -12.542853 11.366633 6.572281 6.973030 12.059720
168 -12.542853 -15.941670 -16.857858 -13.263706 12.059720 6.973030 7.373779 12.752807
169 -13.263706 -16.857858 -17.774046 -13.984560 12.752807 7.373779 7.774527 13.445895
170 -13.984560 -17.774046 -18.690234 -14.705413 13.445895 7.774527 8.175276 14.138982
171 -10.615850 -11.397803 -12.397610 -11.547065 4.154964 0.223824 0.243458 4.519434
172 -11.547065 -12.397610 -13.397417 -12.478280 4.519434 0.243458 0.263091 4.883905
173 -12.478280 -13.397417 -14.397224 -13.409495 4.883905 0.263091 0.282725 5.248375
174 -13.409495 -14.397224 -15.397032 -14.340710 5.248375 0.282725 0.302359 5.612846
175 -14.340710 -15.397032 -16.396839 -15.271925 5.612846 0.302359 0.321993 5.977316
176 -15.271925 -16.396839 -17.396646 -16.203140 5.977316 0.321993 0.341626 6.341787
177 -16.203140 -17.396646 -18.396453 -17.134355 6.341787 0.341626 0.361260 6.706257
178 -17.134355 -18.396453 -19.396260 -18.065570 6.706257 0.361260 0.380894 7.070728
179 -18.065570 -19.396260 -20.396068 -18.996785 7.070728 0.380894 0.400527 7.435198
180 -11.397803 -10.615850 -11.547065 -12.397610 -0.223824 -4.154964 -4.519434 -0.243458
181 -12.397610 -11.547065 -12.478280 -13.397417 -0.243458 -4.519434 -4.883905 -0.263091
182 -13.397417 -12.478280 -13.409495 -14.397224 -0.263091 -4.883905 -5.248375 -0.282725
183 -14.397224 -13.409495 -14.340710 -15.397032 -0.282725 -5.248375 -5.612846 -0.302359
184 -15.397032 -14.340710 -15.271925 -16.396839 -0.302359 -5.612846 -5.977316 -0.321993
185 -16.396839 -15.271925 -16.203140 -17.396646 -0.321993 -5.977316 -6.341787 -0.341626
186 -17.396646 -16.203140 -17.134355 -18.396453 -0.341626 -6.341787 -6.706257 -0.361260
187 -18.396453 -17.134355 -18.065570 -19.396260 -0.361260 -6.706257 -7.070728 -0.380894
188 -19.396260 -18.065570 -18.996785 -20.396068 -0.380894 -7.070728 -7.435198 -0.400527
189 -10.444543 -8.217731 -8.938585 -11.360731 -4.568537 -7.901196 -8.594283 -4.969286
190 -11.360731 -8.938585 -9.659438 -12.276919 -4.969286 -8.594283 -9.287371 -5.370034
191 -12.276919 -9.659438 -10.380292 -13.193107 -5.370034 -9.287371 -9.980458 -5.770783
192 -13.193107 -10.380292 -11.101145 -14.109295 -5.770783 -9.980458 -10.673545 -6.171532
193 -14.109295 -11.101145 -11.821999 -15.025482 -6.171532 -10.673545 -11.366633 -6.572281
194 -15.025482 -11.821999 -12.542853 -15.941670 -6.572281 -11.366633 -12.059720 -6.973030
195 -15.941670 -12.542853 -13.263706 -16.857858 -6.973030 -12.059720 -12.752807 -7.373779
196 -16.857858 -13.263706 -13.984560 -17.774046 -7.373779 -12.752807 -13.445895 -7.774527
197 -17.774046 -13.984560 -14.705413 -18.690234 -7.774527 -13.445895 -14.138982 -8.175276
198 -7.901196 -4.568537 -4.969286 -8.594283 -8.217731 -10.444543 -11.360731 -8.938585
199 -8.594283 -4.969286 -5.370034 -9.287371 -8.938585 -11.360731 -12.276919 -9.659438
200 -9.287371 -5.370034 -5.770783 -9.980458 -9.659438 -12.276919 -13.193107 -10.380292
201 -9.980458 -5.770783 -6.171532 -10.673545 -10.380292 -13.193107 -14.109295 -11.101145
202 -10.673545 -6.171532 -6.572281 -11.366633 -11.101145 -14.109295 -15.025482 -11.821999
203 -11.366633 -6.572281 -6.973030 -12.059720 -11.821999 -15.025482 -15.941670 -12.542853
204 -12.059720 -6.973030 -7.373779 -12.752807 -12.542853 -15.941670 -16.857858 -13.263706
205 -12.752807 -7.373779 -7.774527 -13.445895 -13.263706 -16.857858 -17.774046 -13.984560
206 -13.445895 -7.774527 -8.175276 -14.138982 -13.984560 -17.774046 -18.690234 -14.705413
207 -4.154964 -0.223824 -0.243458 -4.519434 -10.615850 -11.397803 -12.397610 -11.547065
208 -4.519434 -0.243458 -0.263091 -4.883905 -11.547065 -12.397610 -13.397417 -12.478280
209 -4.883905 -0.263091 -0.282725 -5.248375 -12.478280 -13.397417 -14.397224 -13.409495
210 -5.248375 -0.282725 -0.302359 -5.612846 -13.409495 -14.397224 -15.397032 -14.340710
211 -5.612846 -0.302359 -0.321993 -5.977316 -14.340710 -15.397032 -16.396839 -15.271925
212 -5.977316 -0.321993 -0.341626 -6.341787 -15.271925 -16.396839 -17.396646 -16.203140
213 -6.341787 -0.341626 -0.361260 -6.706257 -16.203140 -17.396646 -18.396453 -17.134355
214 -6.706257 -0.361260 -0.380894 -7.070728 -17.134355 -18.396453 -19.396260 -18.065570
215 -7.070728 -0.380894 -0.400527 -7.435198 -18.065570 -19.396260 -20.396068 -18.996785
216 0.223824 4.154964 4.519434 0.243458 -11.397803 -10.615850 -11.547065 -12.397610
217 0.243458 4.519434 4.883905 0.263091 -12.397610 -11.547065 -12.478280 -13.397417
218 0.263091 4.883905 5.248375 0.282725 -13.397417 -12.478280 -13.409495 -14.397224
219 0.282725 5.248375 5.612846 0.302359 -14.397224 -13.409495 -14.340710 -15.397032
220 0.302359 5.612846 5.977316 0.321993 -15.397032 -14.340710 -15.271925 -16.396839
221 0.321993 5.977316 6.341787 0.341626 -16.396839 -15.271925 -16.203140 -17.396646
222 0.341626 6.341787 6.706257 0.361260 -17.396646 -16.203140 -17.134355 -18.396453
223 0.361260 6.706257 7.070728 0.380894 -18.396453 -17.134355 -18.065570 -19.396260
224 0.380894 7.070728 7.435198 0.400527 -19.396260 -18.065570 -18.996785 -20.396068
225 4.568537 7.901196 8.594283 4.969286 -10.444543 -8.217731 -8.938585 -11.360731
226 4.969286 8.594283 9.287371 5.370034 -11.360731 -8.938585 -9.659438 -12.276919
227 5.370034 9.287371 9.980458 5.770783 -12.276919 -9.659438 -10.380292 -13.193107
228 5.770783 9.980458 10.673545 6.171532 -13.193107 -10.380292 -11.101145 -14.109295
229 6.171532 10.673545 11.366633 6.572281 -14.109295 -11.101145 -11.821999 -15.025482
230 6.572281 11.366633 12.059720 6.973030 -15.025482 -11.821999 -12.542853 -15.941670
231 6.973030 12.059720 12.752807 7.373779 -15.941670 -12.542853 -13.263706 -16.857858
232 7.373779 12.752807 13.445895 7.774527 -16.857858 -13.263706 -13.984560 -17.774046
233 7.774527 13.445895 14.138982 8.175276 -17.774046 -13.984560 -14.705413 -18.690234
234 8.217731 10.444543 11.360731 8.938585 -7.901196 -4.568537 -4.969286 -8.594283
235 8.938585 11.360731 12.276919 9.659438 -8.594283 -4.969286 -5.370034 -9.287371
236 9.659438 12.276919 13.193107 10.380292 -9.287371 -5.370034 -5.770783 -9.980458
237 10.380292 13.193107 14.109295 11.101145 -9.980458 -5.770783 -6.171532 -10.673545
238 11.101145 14.109295 15.025482 11.821999 -10.673545 -6.171532 -6.572281 -11.366633
239 11.821999 15.025482 15.941670 12.542853 -11.366633 -6.572281 -6.973030 -12.059720
240 12.542853 15.941670 16.857858 13.263706 -12.059720 -6.973030 -7.373779 -12.752807
241 13.263706 16.857858 17.774046 13.984560 -12.752807 -7.373779 -7.774527 -13.445895
242 13.984560 17.774046 18.690234 14.705413 -13.445895 -7.774527 -8.175276 -14.138982
243 10.615850 11.397803 12.397610 11.547065 -4.154964 -0.223824 -0.243458 -4.519434
244 11.547065 12.397610 13.397417 12.478280 -4.519434 -0.243458 -0.263091 -4.883905
245 12.478280 13.397417 14.397224 13.409495 -4.883905 -0.263091 -0.282725 -5.248375
246 13.409495 14.397224 15.397032 14.340710 -5.248375 -0.282725 -0.302359 -5.612846
247 14.340710 15.397032 16.396839 15.271925 -5.612846 -0.302359 -0.321993 -5.977316
248 15.271925 16.396839 17.396646 16.203140 -5.977316 -0.321993 -0.341626 -6.341787
249 16.203140 17.396646 18.396453 17.134355 -6.341787 -0.341626 -0.361260 -6.706257
250 17.134355 18.396453 19.396260 18.065570 -6.706257 -0.361260 -0.380894 -7.070728
251 18.065570 19.396260 20.396068 18.996785 -7.070728 -0.380894 -0.400527 -7.435198
252 20.797434 19.880495 20.836288 21.797311 0.326712 6.116039 6.410079 0.342420
253 21.797311 20.836288 21.792081 22.797187 0.342420 6.410079 6.704119 0.358127
254 22.797187 21.792081 22.747874 23.797064 0.358127 6.704119 6.998160 0.373834
255 23.797064 22.747874 23.703667 24.796940 0.373834 6.998160 7.292200 0.389541
256 24.796940 23.703667 24.659460 25.796817 0.389541 7.292200 7.586240 0.405249
257 25.796817 24.659460 25.615253 26.796694 0.405249 7.586240 7.880281 0.420956
258 26.796694 25.615253 26.571046 27.796570 0.420956 7.880281 8.174321 0.436663
259 27.796570 26.571046 27.526839 28.796447 0.436663 8.174321 8.468361 0.452371
260 28.796447 27.526839 28.482632 29.796324 0.452371 8.468361 8.762402 0.468078
261 19.678575 17.017514 17.835664 20.624661 6.737482 11.960109 12.535114 7.061400
262 20.624661 17.835664 18.653814 21.570746 7.061400 12.535114 13.110120 7.385317
263 21.570746 18.653814 19.471963 22.516832 7.385317 13.110120 13.685125 7.709235
264 22.516832 19.471963 20.290113 23.462917 7.709235 13.685125 14.260130 8.033152
265 23.462917 20.290113 21.108263 24.409002 8.033152 14.260130 14.835136 8.357069
266 24.409002 21.108263 21.926412 25.355088 8.357069 14.835136 15.410141 8.680987
267 25.355088 21.926412 22.744562 26.301173 8.680987 15.410141 15.985146 9.004904
268 26.301173 22.744562 23.562712 27.247258 9.004904 15.985146 16.560151 9.328822
269 27.247258 23.562712 24.380862 28.193344 9.328822 16.560151 17.135157 9.652739
270 16.633441 12.488741 13.089161 17.433126 12.488741 16.633441 17.433126 13.089161
271 17.433126 13.089161 13.689581 18.232810 13.089161 17.433126 18.232810 13.689581
272 18.232810 13.689581 14.290001 19.032495 13.689581 18.232810 19.032495 14.290001
273 19.032495 14.290001 14.890422 19.832180 14.290001 19.032495 19.832180 14.890422
274 19.832180 14.890422 15.490842 20.631864 14.890422 19.832180 20.631864 15.490842
275 20.631864 15.490842 16.091262 21.431549 15.490842 20.631864 21.431549 16.091262
276 21.431549 16.091262 16.691682 22.231234 16.091262 21.431549 22.231234 16.691682
277 22.231234 16.691682 17.292102 23.030918 16.691682 22.231234 23.030918 17.292102
278 23.030918 17.292102 17.892523 23.830603 17.292102 23.030918 23.830603 17.892523
279 11.960109 6.737482 7.061400 12.535114 17.017514 19.678575 20.624661 17.835664
280 12.535114 7.061400 7.385317 13.110120 17.835664 20.624661 21.570746 18.653814
281 13.110120 7.385317 7.709235 13.685125 18.653814 21.570746 22.516832 19.471963
282 13.685125 7.709235 8.033152 14.260130 19.471963 22.516832 23.462917 20.290113
283 14.260130 8.033152 8.357069 14.835136 20.290113 23.462917 24.409002 21.108263
284 14.835136 8.357069 8.680987 15.410141 21.108263 24.409002 25.355088 21.926412
285 15.410141 8.680987 9.004904 15.985146 21.926412 25.355088 26.301173 22.744562
286 15.985146 9.004904 9.328822 16.560151 22.744562 26.301173 27.247258 23.562712
287 16.560151 9.328822 9.652739 17.135157 23.562712 27.247258 28.193344 24.380862
288 6.116039 0.326712 0.342420 6.410079 19.880495 20.797434 21.797311 20.836288
289 6.410079 0.342420 0.358127 6.704119 20.836288 21.797311 22.797187 21.792081
290 6.704119 0.358127 0.373834 6.998160 21.792081 22.797187 23.797064 22.747874
291 6.998160 0.373834 0.389541 7.292200 22.747874 23.797064 24.796940 23.703667
292 7.292200 0.389541 0.405249 7.586240 23.703667 24.796940 25.796817 24.659460
293 7.586240 0.405249 0.420956 7.880281 24.659460 25.796817 26.796694 25.615253
294 7.880281 0.420956 0.436663 8.174321 25.615253 26.796694 27.796570 26.571046
295 8.174321 0.436663 0.452371 8.468361 26.571046 27.796570 28.796447 27.526839
296 8.468361 0.452371 0.468078 8.762402 27.526839 28.796447 29.796324 28.482632
297 -0.326712 -6.116039 -6.410079 -0.342420 20.797434 19.880495 20.836288 21.797311
298 -0.342420 -6.410079 -6.704119 -0.358127 21.797311 20.836288 21.792081 22.797187
299 -0.358127 -6.704119 -6.998160 -0.373834 22.797187 21.792081 22.747874 23.797064
300 -0.373834 -6.998160 -7.292200 -0.389541 23.797064 22.747874 23.703667 24.796940
301 -0.389541 -7.292200 -7.586240 -0.405249 24.796940 23.703667 24.659460 25.796817
302 -0.405249 -7.586240 -7.880281 -0.420956 25.796817 24.659460 25.615253 26.796694
303 -0.420956 -7.880281 -8.174321 -0.436663 26.796694 25.615253 26.571046 27.796570
304 -0.436663 -8.174321 -8.468361 -0.452371 27.796570 26.571046 27.526839 28.796447
305 -0.452371 -8.468361 -8.762402 -0.468078 28.796447 27.526839 28.482632 29.796324
306 -6.737482 -11.960109 -12.535114 -7.061400 19.678575 17.017514 17.835664 20.624661
307 -7.061400 -12.535114 -13.110120 -7.385317 20.624661 17.835664 18.653814 21.570746
308 -7.385317 -13.110120 -13.685125 -7.709235 21.570746 18.653814 19.471963 22.516832
309 -7.709235 -13.685125 -14.260130 -8.033152 22.516832 19.471963 20.290113 23.462917
310 -8.033152 -14.260130 -14.835136 -8.357069 23.462917 20.290113 21.108263 24.409002
311 -8.357069 -14.835136 -15.410141 -8.680987 24.409002 21.108263 21.926412 25.355088
312 -8.680987 -15.410141 -15.985146 -9.004904 25.355088 21.926412 22.744562 26.301173
313 -9.004904 -15.985146 -16.560151 -9.328822 26.301173 22.744562 23.562712 27.247258
314 -9.328822 -16.560151 -17.135157 -9.652739 27.247258 23.562712 24.380862 28.193344
315 -12.488741 -16.633441 -17.433126 -13.089161 16.633441 12.488741 13.089161 17.433126
316 -13.089161 -17.433126 -18.232810 -13.689581 17.433126 13.089161 13.689581 18.232810
317 -13.689581 -18.232810 -19.032495 -14.290001 18.232810 13.689581 14.290001 19.032495
318 -14.290001 -19.032495 -19.832180 -14.890422 19.032495 14.290001 14.890422 19.832180
319 -14.890422 -19.832180 -20.631864 -15.490842 19.832180 14.890422 15.490842 20.631864
320 -15.490842 -20.631864 -21.431549 -16.091262 20.631864 15.490842 16.091262 21.431549
321 -16.091262 -21.431549 -22.231234 -16.691682 21.431549 16.091262 16.691682 22.231234
322 -16.691682 -22.231234 -23.030918 -17.292102 22.231234 16.691682 17.292102 23.030918
323 -17.292102 -23.030918 -23.830603 -17.892523 23.030918 17.292102 17.892523 23.830603
324 -17.017514 -19.678575 -20.624661 -17.835664 11.960109 6.737482 7.061400 12.535114
325 -17.835664 -20.624661 -21.570746 -18.653814 12.535114 7.061400 7.385317 13.110120
326 -18.653814 -21.570746 -22.516832 -19.471963 13.110120 7.385317 7.709235 13.685125
327 -19.471963 -22.516832 -23.462917 -20.290113 13.685125 7.709235 8.033152 14.260130
328 -20.290113 -23.462917 -24.409002 -21.108263 14.260130 8.033152 8.357069 14.835136
329 -21.108263 -24.409002 -25.355088 -21.926412 14.835136 8.357069 8.680987 15.410141
330 -21.926412 -25.355088 -26.301173 -22.744562 15.410141 8.680987 9.004904 15.985146
331 -22.744562 -26.301173 -27.247258 -23.562712 15.985146 9.004904 9.328822 16.560151
332 -23.562712 -27.247258 -28.193344 -24.380862 16.560151 9.328822 9.652739 17.135157
333 -19.880495 -20.797434 -21.797311 -20.836288 6.116039 0.326712 0.342420 6.410079
334 -20.836288 -21.797311 -22.797187 -21.792081 6.410079 0.342420 0.358127 6.704119
335 -21.792081 -22.797187 -23.797064 -22.747874 6.704119 0.358127 0.373834 6.998160
336 -22.747874 -23.797064 -24.796940 -23.703667 6.998160 0.373834 0.389541 7.292200
337 -23.703667 -24.796940 -25.796817 -24.659460 7.292200 0.389541 0.405249 7.586240
338 -24.659460 -25.796817 -26.796694 -25.615253 7.586240 0.405249 0.420956 7.880281
339 -25.615253 -26.796694 -27.796570 -26.571046 7.880281 0.420956 0.436663 8.174321
340 -26.571046 -27.796570 -28.796447 -27.526839 8.174321 0.436663 0.452371 8.468361
341 -27.526839 -28.796447 -29.796324 -28.482632 8.468361 0.452371 0.468078 8.762402
342 -20.797434 -19.880495 -20.836288 -21.797311 -0.326712 -6.116039 -6.410079 -0.342420
343 -21.797311 -20.836288 -21.792081 -22.797187 -0.342420 -6.410079 -6.704119 -0.358127
344 -22.797187 -21.792081 -22.747874 -23.797064 -0.358127 -6.704119 -6.998160 -0.373834
345 -23.797064 -22.747874 -23.703667 -24.796940 -0.373834 -6.998160 -7.292200 -0.389541
346 -24.796940 -23.703667 -24.659460 -25.796817 -0.389541 -7.292200 -7.586240 -0.405249
347 -25.796817 -24.659460 -25.615253 -26.796694 -0.405249 -7.586240 -7.880281 -0.420956
348 -26.796694 -25.615253 -26.571046 -27.796570 -0.420956 -7.880281 -8.174321 -0.436663
349 -27.796570 -26.571046 -27.526839 -28.796447 -0.436663 -8.174321 -8.468361 -0.452371
350 -28.796447 -27.526839 -28.482632 -29.796324 -0.452371 -8.468361 -8.762402 -0.468078
351 -19.678575 -17.017514 -17.835664 -20.624661 -6.737482 -11.960109 -12.535114 -7.061400
352 -20.624661 -17.835664 -18.653814 -21.570746 -7.061400 -12.535114 -13.110120 -7.385317
353 -21.570746 -18.653814 -19.471963 -22.516832 -7.385317 -13.110120 -13.685125 -7.709235
354 -22.516832 -19.471963 -20.290113 -23.462917 -7.709235 -13.685125 -14.260130 -8.033152
355 -23.462917 -20.290113 -21.108263 -24.409002 -8.033152 -14.260130 -14.835136 -8.357069
356 -24.409002 -21.108263 -21.926412 -25.355088 -8.357069 -14.835136 -15.410141 -8.680987
357 -25.355088 -21.926412 -22.744562 -26.301173 -8.680987 -15.410141 -15.985146 -9.004904
358 -26.301173 -22.744562 -23.562712 -27.247258 -9.004904 -15.985146 -16.560151 -9.328822
359 -27.247258 -23.562712 -24.380862 -28.193344 -9.328822 -16.560151 -17.135157 -9.652739
360 -16.633441 -12.488741 -13.089161 -17.433126 -12.488741 -16.633441 -17.433126 -13.089161
361 -17.433126 -13.089161 -13.689581 -18.232810 -13.089161 -17.433126 -18.232810 -13.689581
362 -18.232810 -13.689581 -14.290001 -19.032495 -13.689581 -18.232810 -19.032495 -14.290001
363 -19.032495 -14.290001 -14.890422 -19.832180 -14.290001 -19.032495 -19.832180 -14.890422
364 -19.832180 -14.890422 -15.490842 -20.631864 -14.890422 -19.832180 -20.631864 -15.490842
365 -20.631864 -15.490842 -16.091262 -21.431549 -15.490842 -20.631864 -21.431549 -16.091262
366 -21.431549 -16.091262 -16.691682 -22.231234 -16.091262 -21.431549 -22.231234 -16.691682
367 -22.231234 -16.691682 -17.292102 -23.030918 -16.691682 -22.231234 -23.030918 -17.292102
368 -23.030918 -17.292102 -17.892523 -23.830603 -17.292102 -23.030918 -23.830603 -17.892523
369 -11.960109 -6.737482 -7.061400 -12.535114 -17.017514 -19.678575 -20.624661 -17.835664
370 -12.535114 -7.061400 -7.385317 -13.110120 -17.835664 -20.624661 -21.570746 -18.653814
371 -13.110120 -7.385317 -7.709235 -13.685125 -18.653814 -21.570746 -22.516832 -19.471963
372 -13.685125 -7.709235 -8.033152 -14.260130 -19.471963 -22.516832 -23.462917 -20.290113
373 -14.260130 -8.033152 -8.357069 -14.835136 -20.290113 -23.462917 -24.409002 -21.108263
374 -14.835136 -8.357069 -8.680987 -15.410141 -21.108263 -24.409002 -25.355088 -21.926412
375 -15.410141 -8.680987 -9.004904 -15.985146 -21.926412 -25.355088 -26.301173 -22.744562
376 -15.985146 -9.004904 -9.328822 -16.560151 -22.744562 -26.301173 -27.247258 -23.562712
377 -16.560151 -9.328822 -9.652739 -17.135157 -23.562712 -27.247258 -28.193344 -24.380862
378 -6.116039 -0.326712 -0.342420 -6.410079 -19.880495 -20.797434 -21.797311 -20.836288
379 -6.410079 -0.342420 -0.358127 -6.704119 -20.836288 -21.797311 -22.797187 -21.792081
380 -6.704119 -0.358127 -0.373834 -6.998160 -21.792081 -22.797187 -23.797064 -22.747874
381 -6.998160 -0.373834 -0.389541 -7.292200 -22.747874 -23.797064 -24.796940 -23.703667
382 -7.292200 -0.389541 -0.405249 -7.586240 -23.703667 -24.796940 -25.796817 -24.659460
383 -7.586240 -0.405249 -0.420956 -7.880281 -24.659460 -25.796817 -26.796694 -25.615253
384 -7.880281 -0.420956 -0.436663 -8.174321 -25.615253 -26.796694 -27.796570 -26.571046
385 -8.174321 -0.436663 -0.452371 -8.468361 -26.571046 -27.796570 -28.796447 -27.526839
386 -8.468361 -0.452371 -0.468078 -8.762402 -27.526839 -28.796447 -29.796324 -28.482632
387 0.326712 6.116039 6.410079 0.342420 -20.797434 -19.880495 -20.836288 -21.797311
388 0.342420 6.410079 6.704119 0.358127 -21.797311 -20.836288 -21.792081 -22.797187
389 0.358127 6.704119 6.998160 0.373834 -22.797187 -21.792081 -22.747874 -23.797064
390 0.373834 6.998160 7.292200 0.389541 -23.797064 -22.747874 -23.703667 -24.796940
391 0.389541 7.292200 7.586240 0.405249 -24.796940 -23.703667 -24.659460 -25.796817
392 0.405249 7.586240 7.880281 0.420956 -25.796817 -24.659460 -25.615253 -26.796694
393 0.420956 7.880281 8.174321 0.436663 -26.796694 -25.615253 -26.571046 -27.796570
394 0.436663 8.174321 8.468361 0.452371 -27.796570 -26.571046 -27.526839 -28.796447
395 0.452371 8.468361 8.762402 0.468078 -28.796447 -27.526839 -28.482632 -29.796324
396 6.737482 11.960109 12.535114 7.061400 -19.678575 -17.017514 -17.835664 -20.624661
397 7.061400 12.535114 13.110120 7.385317 -20.624661 -17.835664 -18.653814 -21.570746
398 7.385317 13.110120 13.685125 7.709235 -21.570746 -18.653814 -19.471963 -22.516832
399 7.709235 13.685125 14.260130 8.033152 -22.516832 -19.471963 -20.290113 -23.462917
400 8.033152 14.260130 14.835136 8.357069 -23.462917 -20.290113 -21.108263 -24.409002
401 8.357069 14.835136 15.410141 8.680987 -24.409002 -21.108263 -21.926412 -25.355088
402 8.680987 15.410141 15.985146 9.004904 -25.355088 -21.926412 -22.744562 -26.301173
403 9.004904 15.985146 16.560151 9.328822 -26.301173 -22.744562 -23.562712 -27.247258
404 9.328822 16.560151 17.135157 9.652739 -27.247258 -23.562712 -24.380862 -28.193344
405 12.488741 16.633441 17.433126 13.089161 -16.633441 -12.488741 -13.089161 -17.433126
406 13.089161 17.433126 18.232810 13.689581 -17.433126 -13.089161 -13.689581 -18.232810
407 13.689581 18.232810 19.032495 14.290001 -18.232810 -13.689581 -14.290001 -19.032495
408 14.290001 19.032495 19.832180 14.890422 -19.032495 -14.290001 -14.890422 -19.832180
409 14.890422 19.832180 20.631864 15.490842 -19.832180 -14.890422 -15.490842 -20.631864
410 15.490842 20.631864 21.431549 16.091262 -20.631864 -15.490842 -16.091262 -21.431549
411 16.091262 21.431549 22.231234 16.691682 -21.431549 -16.091262 -16.691682 -22.231234
412 16.691682 22.231234 23.030918 17.292102 -22.231234 -16.691682 -17.292102 -23.030918
413 17.292102 23.030918 23.830603 17.892523 -23.030918 -17.292102 -17.892523 -23.830603
414 17.017514 19.678575 20.624661 17.835664 -11.960109 -6.737482 -7.061400 -12.535114
415 17.835664 20.624661 21.570746 18.653814 -12.535114 -7.061400 -7.385317 -13.110120
416 18.653814 21.570746 22.516832 19.471963 -13.110120 -7.385317 -7.709235 -13.685125
417 19.471963 22.516832 23.462917 20.290113 -13.685125 -7.709235 -8.033152 -14.260130
418 20.290113 23.462917 24.409002 21.108263 -14.260130 -8.033152 -8.357069 -14.835136
419 21.108263 24.409002 25.355088 21.926412 -14.835136 -8.357069 -8.680987 -15.410141
420 21.926412 25.355088 26.301173 22.744562 -15.410141 -8.680987 -9.004904 -15.985146
421 22.744562 26.301173 27.247258 23.562712 -15.985146 -9.004904 -9.328822 -16.560151
422 23.562712 27.247258 28.193344 24.380862 -16.560151 -9.328822 -9.652739 -17.135157
423 19.880495 20.797434 21.797311 20.836288 -6.116039 -0.326712 -0.342420 -6.410079
424 20.836288 21.797311 22.797187 21.792081 -6.410079 -0.342420 -0.358127 -6.704119
425 21.792081 22.797187 23.797064 22.747874 -6.704119 -0.358127 -0.373834 -6.998160
426 22.747874 23.797064 24.796940 23.703667 -6.998160 -0.373834 -0.389541 -7.292200
427 23.703667 24.796940 25.796817 24.659460 -7.292200 -0.389541 -0.405249 -7.586240
428 24.659460 25.796817 26.796694 25.615253 -7.586240 -0.405249 -0.420956 -7.880281
429 25.615253 26.796694 27.796570 26.571046 -7.880281 -0.420956 -0.436663 -8.174321
430 26.571046 27.796570 28.796447 27.526839 -8.174321 -0.436663 -0.452371 -8.468361
431 27.526839 28.796447 29.796324 28.482632 -8.468361 -0.452371 -0.468078 -8.762402
432 32.197241 31.950240 34.182788 34.447049 0.421485 2.297648 2.458198 0.450937
433 31.950240 31.703238 33.918527 34.182788 2.297648 4.173811 4.465459 2.458198
434 34.447049 34.182788 36.415335 36.696856 0.450937 2.458198 2.618748 0.480388
435 34.182788 33.918527 36.133815 36.415335 2.458198 4.465459 4.757107 2.618748
436 36.696856 36.415335 38.647883 38.946663 0.480388 2.618748 2.779298 0.509840
437 36.415335 36.133815 38.349103 38.647883 2.618748 4.757107 5.048755 2.779298
438 38.946663 38.647883 40.880431 41.196470 0.509840 2.779298 2.939847 0.539291
439 38.647883 38.349103 40.564392 40.880431 2.779298 5.048755 5.340404 2.939847
440 31.703238 31.456237 33.654266 33.918527 4.173811 6.049973 6.472720 4.465459
441 31.456237 31.209235 33.390005 33.654266 6.049973 7.926136 8.479981 6.472720
442 33.918527 33.654266 35.852295 36.133815 4.465459 6.472720 6.895466 4.757107
443 33.654266 33.390005 35.570774 35.852295 6.472720 8.479981 9.033826 6.895466
444 36.133815 35.852295 38.050324 38.349103 4.757107 6.895466 7.318213 5.048755
445 35.852295 35.570774 37.751544 38.050324 6.895466 9.033826 9.587671 7.318213
446 38.349103 38.050324 40.248353 40.564392 5.048755 7.318213 7.740960 5.340404
447 38.050324 37.751544 39.932313 40.248353 7.318213 9.587671 10.141516 7.740960
448 30.991059 30.266887 32.381809 33.156583 8.740382 10.488688 11.221593 9.351123
449 30.266887 29.542715 31.607035 32.381809 10.488688 12.236993 13.092063 11.221593
450 33.156583 32.381809 34.496731 35.322107 9.351123 11.221593 11.954498 9.961865
451 32.381809 31.607035 33.671355 34.496731 11.221593 13.092063 13.947132 11.954498
452 35.322107 34.496731 36.611653 37.487631 9.961865 11.954498 12.687403 10.572606
453 34.496731 33.671355 35.735675 36.611653 11.954498 13.947132 14.802201 12.687403
454 37.487631 36.611653 38.726576 39.653156 10.572606 12.687403 13.420309 11.183347
455 36.611653 35.735675 37.799996 38.726576 12.687403 14.802201 15.657271 13.420309
456 29.542715 28.818543 30.832261 31.607035 12.236993 13.985299 14.962532 13.092063
457 28.818543 28.094371 30.057487 30.832261 13.985299 15.733604 16.833002 14.962532
458 31.607035 30.832261 32.845979 33.671355 13.092063 14.962532 15.939766 13.947132
459 30.832261 30.057487 32.020603 32.845979 14.962532 16.833002 17.932400 15.939766
460 33.671355 32.845979 34.859697 35.735675 13.947132 15.939766 16.916999 14.802201
461 32.845979 32.020603 33.983719 34.859697 15.939766 17.932400 19.031797 16.916999
462 35.735675 34.859697 36.873416 37.799996 14.802201 16.916999 17.894233 15.657271
463 34.859697 33.983719 35.946835 36.873416 16.916999 19.031797 20.131195 17.894233
464 27.672886 26.520895 28.374064 29.606551 16.463637 17.964941 19.220255 17.614047
465 26.520895 25.368905 27.141576 28.374064 17.964941 19.466245 20.826464 19.220255
466 29.606551 28.374064 30.227232 31.540215 17.614047 19.220255 20.475570 18.764456
467 28.374064 27.141576 28.914248 30.227232 19.220255 20.826464 22.186683 20.475570
468 31.540215 30.227232 32.080400 33.473880 18.764456 20.475570 21.730884 19.914866
469 30.227232 28.914248 30.686920 32.080400 20.475570 22.186683 23.546902 21.730884
470 33.473880 32.080400 33.933568 35.407544 19.914866 21.730884 22.986198 21.065275
471 32.080400 30.686920 32.459592 33.933568 21.730884 23.546902 24.907121 22.986198
472 25.368905 24.216914 25.909089 27.141576 19.466245 20.967549 22.432673 20.826464
473 24.216914 23.064923 24.676602 25.909089 20.967549 22.468853 24.038881 22.432673
474 27.141576 25.909089 27.601265 28.914248 20.826464 22.432673 23.897796 22.186683
475 25.909089 24.676602 26.288281 27.601265 22.432673 24.038881 25.608910 23.897796
476 28.914248 27.601265 29.293440 30.686920 22.186683 23.897796 25.362920 23.546902
477 27.601265 26.288281 27.899961 29.293440 23.897796 25.608910 27.178938 25.362920
478 30.686920 29.293440 30.985616 32.459592 23.546902 25.362920 26.828044 24.907121
479 29.293440 27.899961 29.511640 30.985616 25.362920 27.178938 28.748967 26.828044
480 22.468853 20.967549 22.432673 24.038881 23.064923 24.216914 25.909089 24.676602
481 20.967549 19.466245 20.826464 22.432673 24.216914 25.368905 27.141576 25.909089
482 24.038881 22.432673 23.897796 25.608910 24.676602 25.909089 27.601265 26.288281
483 22.432673 20.826464 22.186683 23.897796 25.909089 27.141576 28.914248 27.601265
484 25.608910 23.897796 25.362920 27.178938 26.288281 27.601265 29.293440 27.899961
485 23.897796 22.186683 23.546902 25.362920 27.601265 28.914248 30.686920 29.293440
486 27.178938 25.362920 26.828044 28.748967 27.899961 29.293440 30.985616 29.511640
487 25.362920 23.546902 24.907121 26.828044 29.293440 30.686920 32.459592 30.985616
488 19.466245 17.964941 19.220255 20.826464 25.368905 26.520895 28.374064 27.141576
489 17.964941 16.463637 17.614047 19.220255 26.520895 27.672886 29.606551 28.374064
490 20.826464 19.220255 20.475570 22.186683 27.141576 28.374064 30.227232 28.914248
491 19.220255 17.614047 18.764456 20.475570 28.374064 29.606551 31.540215 30.227232
492 22.186683 20.475570 21.730884 23.546902 28.914248 30.227232 32.080400 30.686920
493 20.475570 18.764456 19.914866 21.730884 30.227232 31.540215 33.473880 32.080400
494 23.546902 21.730884 22.986198 24.907121 30.686920 32.080400 33.933568 32.459592
495 21.730884 19.914866 21.065275 22.986198 32.080400 33.473880 35.407544 33.933568
496 15.733604 13.985299 14.962532 16.833002 28.094371 28.818543 30.832261 30.057487
497 13.985299 12.236993 13.092063 14.962532 28.818543 29.542715 31.607035 30.832261
498 16.833002 14.962532 15.939766 17.932400 30.057487 30.832261 32.845979 32.020603
499 14.962532 13.092063 13.947132 15.939766 30.832261 31.607035 33.671355 32.845979
500 17.932400 15.939766 16.916999 19.031797 32.020603 32.845979 34.859697 33.983719
501 15.939766 13.947132 14.802201 16.916999 32.845979 33.671355 35.735675 34.859697
502 19.031797 16.916999 17.894233 20.131195 33.983719 34.859697 36.873416 35.946835
503 16.916999 14.802201 15.657271 17.894233 34.859697 35.735675 37.799996 36.873416
504 12.236993 10.488688 11.221593 13.092063 29.542715 30.266887 32.381809 31.607035
505 10.488688 8.740382 9.351123 11.221593 30.266887 30.991059 33.156583 32.381809
506 13.092063 11.221593 11.954498 13.947132 31.607035 32.381809 34.496731 33.671355
507 11.221593 9.351123 9.961865 11.954498 32.381809 33.156583 35.322107 34.496731
508 13.947132 11.954498 12.687403 14.802201 33.671355 34.496731 36.611653 35.735675
509 11.954498 9.961865 10.572606 12.687403 34.496731 35.322107 37.487631 36.611653
510 14.802201 12.687403 13.420309 15.657271 35.735675 36.611653 38.726576 37.799996
511 12.687403 10.572606 11.183347 13.420309 36.611653 37.487631 39.653156 38.726576
512 7.926136 6.049973 6.472720 8.479981 31.209235 31.456237 33.654266 33.390005
513 6.049973 4.173811 4.465459 6.472720 31.456237 31.703238 33.918527 33.654266
514 8.479981 6.472720 6.895466 9.033826 33.390005 33.654266 35.852295 35.570774
515 6.472720 4.465459 4.757107 6.895466 33.654266 33.918527 36.133815 35.852295
516 9.033826 6.895466 7.318213 9.587671 35.570774 35.852295 38.050324 37.751544
517 6.895466 4.757107 5.048755 7.318213 35.852295 36.133815 38.349103 38.050324
518 9.587671 7.318213 7.740960 10.141516 37.751544 38.050324 40.248353 39.932313
519 7.318213 5.048755 5.340404 7.740960 38.050324 38.349103 40.564392 40.248353
520 4.173811 2.297648 2.458198 4.465459 31.703238 31.950240 34.182788 33.918527
521 2.297648 0.421485 0.450937 2.458198 31.950240 32.197241 34.447049 34.182788
522 4.465459 2.458198 2.618748 4.757107 33.918527 34.182788 36.415335 36.133815
523 2.458198 0.450937 0.480388 2.618748 34.182788 34.447049 36.696856 36.415335
524 4.757107 2.618748 2.779298 5.048755 36.133815 36.415335 38.647883 38.349103
525 2.618748 0.480388 0.509840 2.779298 36.415335 36.696856 38.946663 38.647883
526 5.048755 2.779298 2.939847 5.340404 38.349103 38.647883 40.880431 40.564392
527 2.779298 0.509840 0.539291 2.939847 38.647883 38.946663 41.196470 40.880431
528 -0.421485 -2.297648 -2.458198 -0.450937 32.197241 31.950240 34.182788 34.447049
529 -2.297648 -4.173811 -4.465459 -2.458198 31.950240 31.703238 33.918527 34.182788
530 -0.450937 -2.458198 -2.618748 -0.480388 34.447049 34.182788 36.415335 36.696856
531 -2.458198 -4.465459 -4.757107 -2.618748 34.182788 33.918527 36.133815 36.415335
532 -0.480388 -2.618748 -2.779298 -0.509840 36.696856 36.415335 38.647883 38.946663
533 -2.618748 -4.757107 -5.048755 -2.779298 36.415335 36.133815 38.349103 38.647883
534 -0.509840 -2.779298 -2.939847 -0.539291 38.946663 38.647883 40.880431 41.196470
535 -2.779298 -5.048755 -5.340404 -2.939847 38.647883 38.349103 40.564392 40.880431
536 -4.173811 -6.049973 -6.472720 -4.465459 31.703238 31.456237 33.654266 33.918527
537 -6.049973 -7.926136 -8.479981 -6.472720 31.456237 31.209235 33.390005 33.654266
538 -4.465459 -6.472720 -6.895466 -4.757107 33.918527 33.654266 35.852295 36.133815
539 -6.472720 -8.479981 -9.033826 -6.895466 33.654266 33.390005 35.570774 35.852295
540 -4.757107 -6.895466 -7.318213 -5.048755 36.133815 35.852295 38.050324 38.349103
541 -6.895466 -9.033826 -9.587671 -7.318213 35.852295 35.570774 37.751544 38.050324
542 -5.048755 -7.318213 -7.740960 -5.340404 38.349103 38.050324 40.248353 40.564392
543 -7.318213 -9.587671 -10.141516 -7.740960 38.050324 37.751544 39.932313 40.248353
544 -8.740382 -10.488688 -11.221593 -9.351123 30.991059 30.266887 32.381809 33.156583
545 -10.488688 -12.236993 -13.092063 -11.221593 30.266887 29.542715 31.607035 32.381809
546 -9.351123 -11.221593 -11.954498 -9.961865 33.156583 32.381809 34.496731 35.322107
547 -11.221593 -13.092063 -13.947132 -11.954498 32.381809 31.607035 33.671355 34.496731
548 -9.961865 -11.954498 -12.687403 -10.572606 35.322107 34.496731 36.611653 37.487631
549 -11.954498 -13.947132 -14.802201 -12.687403 34.496731 33.671355 35.735675 36.611653
550 -10.572606 -12.687403 -13.420309 -11.183347 37.487631 36.611653 38.726576 39.653156
551 -12.687403 -14.802201 -15.657271 -13.420309 36.611653 35.735675 37.799996 38.726576
552 -12.236993 -13.985299 -14.962532 -13.092063 29.542715 28.818543 30.832261 31.607035
553 -13.985299 -15.733604 -16.833002 -14.962532 28.818543 28.094371 30.057487 30.832261
554 -13.092063 -14.962532 -15.939766 -13.947132 31.607035 30.832261 32.845979 33.671355
555 -14.962532 -16.833002 -17.932400 -15.939766 30.832261 30.057487 32.020603 32.845979
556 -13.947132 -15.939766 -16.916999 -14.802201 33.671355 32.845979 34.859697 35.735675
557 -15.939766 -17.932400 -19.031797 -16.916999 32.845979 32.020603 33.983719 34.859697
558 -14.802201 -16.916999 -17.894233 -15.657271 35.735675 34.859697 36.873416 37.799996
559 -16.916999 -19.031797 -20.131195 -17.894233 34.859697 33.983719 35.946835 36.873416
560 -16.463637 -17.964941 -19.220255 -17.614047 27.672886 26.520895 28.374064 29.606551
561 -17.964941 -19.466245 -20.826464 -19.220255 26.520895 25.368905 27.141576 28.374064
562 -17.614047 -19.220255 -20.475570 -18.764456 29.606551 28.374064 30.227232 31.540215
563 -19.220255 -20.826464 -22.186683 -20.475570 28.374064 27.141576 28.914248 30.227232
564 -18.764456 -20.475570 -21.730884 -19.914866 31.540215 30.227232 32.080400 33.473880
565 -20.475570 -22.186683 -23.546902 -21.730884 30.227232 28.914248 30.686920 32.080400
566 -19.914866 -21.730884 -22.986198 -21.065275 33.473880 32.080400 33.933568 35.407544
567 -21.730884 -23.546902 -24.907121 -22.986198 32.080400 30.686920 32.459592 33.933568
568 -19.466245 -20.967549 -22.432673 -20.826464 25.368905 24.216914 25.909089 27.141576
569 -20.967549 -22.468853 -24.038881 -22.432673 24.216914 23.064923 24.676602 25.909089
570 -20.826464 -22.432673 -23.897796 -22.186683 27.141576 25.909089 27.601265 28.914248
571 -22.432673 -24.038881 -25.608910 -23.897796 25.909089 24.676602 26.288281 27.601265
572 -22.186683 -23.897796 -25.362920 -23.546902 28.914248 27.601265 29.293440 30.686920
573 -23.897796 -25.608910 -27.178938 -25.362920 27.601265 26.288281 27.899961 29.293440
574 -23.546902 -25.362920 -26.828044 -24.907121 30.686920 29.293440 30.985616 32.459592
575 -25.362920 -27.178938 -28.748967 -26.828044 29.293440 27.899961 29.511640 30.985616
576 -23.064923 -24.216914 -25.909089 -24.676602 22.468853 20.967549 22.432673 24.038881
577 -24.216914 -25.368905 -27.141576 -25.909089 20.967549 19.466245 20.826464 22.432673
578 -24.676602 -25.909089 -27.601265 -26.288281 24.038881 22.432673 23.897796 25.608910
579 -25.909089 -27.141576 -28.914248 -27.601265 22.432673 20.826464 22.186683 23.897796
580 -26.288281 -27.601265 -29.293440 -27.899961 25.608910 23.897796 25.362920 27.178938
581 -27.601265 -28.914248 -30.686920 -29.293440 23.897796 22.186683 23.546902 25.362920
582 -27.899961 -29.293440 -30.985616 -29.511640 27.178938 25.362920 26.828044 28.748967
583 -29.293440 -30.686920 -32.459592 -30.985616 25.362920 23.546902 24.907121 26.828044
584 -25.368905 -26.520895 -28.374064 -27.141576 19.466245 17.964941 19.220255 20.826464
585 -26.520895 -27.672886 -29.606551 -28.374064 17.964941 16.463637 17.614047 19.220255
586 -27.141576 -28.374064 -30.227232 -28.914248 20.826464 19.220255 20.475570 22.186683
587 -28.374064 -29.606551 -31.540215 -30.227232 19.220255 17.614047 18.764456 20.475570
588 -28.914248 -30.227232 -32.080400 -30.686920 22.186683 20.475570 21.730884 23.546902
589 -30.227232 -31.540215 -33.473880 -32.080400 20.475570 18.764456 19.914866 21.730884
590 -30.686920 -32.080400 -33.933568 -32.459592 23.546902 21.730884 22.986198 24.907121
591 -32.080400 -33.473880 -35.407544 -33.933568 21.730884 19.914866 21.065275 22.986198
592 -28.094371 -28.818543 -30.832261 -30.057487 15.733604 13.985299 14.962532 16.833002
593 -28.818543 -29.542715 -31.607035 -30.832261 13.985299 12.236993 13.092063 14.962532
594 -30.057487 -30.832261 -32.845979 -32.020603 16.833002 14.962532 15.939766 17.932400
595 -30.832261 -31.607035 -33.671355 -32.845979 14.962532 13.092063 13.947132 15.939766
596 -32.020603 -32.845979 -34.859697 -33.983719 17.932400 15.939766 16.916999 19.031797
597 -32.845979 -33.671355 -35.735675 -34.859697 15.939766 13.947132 14.802201 16.916999
598 -33.983719 -34.859697 -36.873416 -35.946835 19.031797 16.916999 17.894233 20.131195
599 -34.859697 -35.735675 -37.799996 -36.873416 16.916999 14.802201 15.657271 17.894233
600 -29.542715 -30.266887 -32.381809 -31.607035 12.236993 10.488688 11.221593 13.092063
601 -30.266887 -30.991059 -33.156583 -32.381809 10.488688 8.740382 9.351123 11.221593
602 -31.607035 -32.381809 -34.496731 -33.671355 13.092063 11.221593 11.954498 13.947132
603 -32.381809 -33.156583 -35.322107 -34.496731 11.221593 9.351123 9.961865 11.954498
604 -33.671355 -34.496731 -36.611653 -35.735675 13.947132 11.954498 12.687403 14.802201
605 -34.496731 -35.322107 -37.487631 -36.611653 11.954498 9.961865 10.572606 12.687403
606 -35.735675 -36.611653 -38.726576 -37.799996 14.802201 12.687403 13.420309 15.657271
607 -36.611653 -37.487631 -39.653156 -38.726576 12.687403 10.572606 11.183347 13.420309
608 -31.209235 -31.456237 -33.654266 -33.390005 7.926136 6.049973 6.472720 8.479981
609 -31.456237 -31.703238 -33.918527 -33.654266 6.049973 4.173811 4.465459 6.472720
610 -33.390005 -33.654266 -35.852295 -35.570774 8.479981 6.472720 6.895466 9.033826
611 -33.654266 -33.918527 -36.133815 -35.852295 6.472720 4.465459 4.757107 6.895466
612 -35.570774 -35.852295 -38.050324 -37.751544 9.033826 6.895466 7.318213 9.587671
613 -35.852295 -36.133815 -38.349103 -38.050324 6.895466 4.757107 5.048755 7.318213
614 -37.751544 -38.050324 -40.248353 -39.932313 9.587671 7.318213 7.740960 10.141516
615 -38.050324 -38.349103 -40.564392 -40.248353 7.318213 5.048755 5.340404 7.740960
616 -31.703238 -31.950240 -34.182788 -33.918527 4.173811 2.297648 2.458198 4.465459
617 -31.950240 -32.197241 -34.447049 -34.182788 2.297648 0.421485 0.450937 2.458198
618 -33.918527 -34.182788 -36.415335 -36.133815 4.465459 2.458198 2.618748 4.757107
619 -34.182788 -34.447049 -36.696856 -36.415335 2.458198 0.450937 0.480388 2.618748
620 -36.133815 -36.415335 -38.647883 -38.349103 4.757107 2.618748 2.779298 5.048755
621 -36.415335 -36.696856 -38.946663 -38.647883 2.618748 0.480388 0.509840 2.779298
622 -38.349103 -38.647883 -40.880431 -40.564392 5.048755 2.779298 2.939847 5.340404
623 -38.647883 -38.946663 -41.196470 -40.880431 2.779298 0.509840 0.539291 2.939847
624 -32.197241 -31.950240 -34.182788 -34.447049 -0.421485 -2.297648 -2.458198 -0.450937
625 -31.950240 -31.703238 -33.918527 -34.182788 -2.297648 -4.173811 -4.465459 -2.458198
626 -34.447049 -34.182788 -36.415335 -36.696856 -0.450937 -2.458198 -2.618748 -0.480388
627 -34.182788 -33.918527 -36.133815 -36.415335 -2.458198 -4.465459 -4.757107 -2.618748
628 -36.696856 -36.415335 -38.647883 -38.946663 -0.480388 -2.618748 -2.779298 -0.509840
629 -36.415335 -36.133815 -38.349103 -38.647883 -2.618748 -4.757107 -5.048755 -2.779298
630 -38.946663 -38.647883 -40.880431 -41.196470 -0.509840 -2.779298 -2.939847 -0.539291
631 -38.647883 -38.349103 -40.564392 -40.880431 -2.779298 -5.048755 -5.340404 -2.939847
632 -31.703238 -31.456237 -33.654266 -33.918527 -4.173811 -6.049973 -6.472720 -4.465459
633 -31.456237 -31.209235 -33.390005 -33.654266 -6.049973 -7.926136 -8.479981 -6.472720
634 -33.918527 -33.654266 -35.852295 -36.133815 -4.465459 -6.472720 -6.895466 -4.757107
635 -33.654266 -33.390005 -35.570774 -35.852295 -6.472720 -8.479981 -9.033826 -6.895466
636 -36.133815 -35.852295 -38.050324 -38.349103 -4.757107 -6.895466 -7.318213 -5.048755
637 -35.852295 -35.570774 -37.751544 -38.050324 -6.895466 -9.033826 -9.587671 -7.318213
638 -38.349103 -38.050324 -40.248353 -40.564392 -5.048755 -7.318213 -7.740960 -5.340404
639 -38.050324 -37.751544 -39.932313 -40.248353 -7.318213 -9.587671 -10.141516 -7.740960
640 -30.991059 -30.266887 -32.381809 -33.156583 -8.740382 -10.488688 -11.221593 -9.351123
641 -30.266887 -29.542715 -31.607035 -32.381809 -10.488688 -12.236993 -13.092063 -11.221593
642 -33.156583 -32.381809 -34.496731 -35.322107 -9.351123 -11.221593 -11.954498 -9.961865
643 -32.381809 -31.607035 -33.671355 -34.496731 -11.221593 -13.092063 -13.947132 -11.954498
644 -35.322107 -34.496731 -36.611653 -37.487631 -9.961865 -11.954498 -12.687403 -10.572606
645 -34.496731 -33.671355 -35.735675 -36.611653 -11.954498 -13.947132 -14.802201 -12.687403
646 -37.487631 -36.611653 -38.726576 -39.653156 -10.572606 -12.687403 -13.420309 -11.183347
647 -36.611653 -35.735675 -37.799996 -38.726576 -12.687403 -14.802201 -15.657271 -13.420309
648 -29.542715 -28.818543 -30.832261 -31.607035 -12.236993 -13.985299 -14.962532 -13.092063
649 -28.818543 -28.094371 -30.057487 -30.832261 -13.985299 -15.733604 -16.833002 -14.962532
650 -31.607035 -30.832261 -32.845979 -33.671355 -13.092063 -14.962532 -15.939766 -13.947132
651 -30.832261 -30.057487 -32.020603 -32.845979 -14.962532 -16.833002 -17.932400 -15.939766
652 -33.671355 -32.845979 -34.859697 -35.735675 -13.947132 -15.939766 -16.916999 -14.802201
653 -32.845979 -32.020603 -33.983719 -34.859697 -15.939766 -17.932400 -19.031797 -16.916999
654 -35.735675 -34.859697 -36.873416 -37.799996 -14.802201 -16.916999 -17.894233 -15.657271
655 -34.859697 -33.983719 -35.946835 -36.873416 -16.916999 -19.031797 -20.131195 -17.894233
656 -27.672886 -26.520895 -28.374064 -29.606551 -16.463637 -17.964941 -19.220255 -17.614047
657 -26.520895 -25.368905 -27.141576 -28.374064 -17.964941 -19.466245 -20.826464 -19.220255
658 -29.606551 -28.374064 -30.227232 -31.540215 -17.614047 -19.220255 -20.475570 -18.764456
659 -28.374064 -27.141576 -28.914248 -30.227232 -19.220255 -20.826464 -22.186683 -20.475570
660 -31.540215 -30.227232 -32.080400 -33.473880 -18.764456 -20.475570 -21.730884 -19.914866
661 -30.227232 -28.914248 -30.686920 -32.080400 -20.475570 -22.186683 -23.546902 -21.730884
662 -33.473880 -32.080400 -33.933568 -35.407544 -19.914866 -21.730884 -22.986198 -21.065275
663 -32.080400 -30.686920 -32.459592 -33.933568 -21.730884 -23.546902 -24.907121 -22.986198
664 -25.368905 -24.216914 -25.909089 -27.141576 -19.466245 -20.967549 -22.432673 -20.826464
665 -24.216914 -23.064923 -24.676602 -25.909089 -20.967549 -22.468853 -24.038881 -22.432673
666 -27.141576 -25.909089 -27.601265 -28.914248 -20.826464 -22.432673 -23.897796 -22.186683
667 -25.909089 -24.676602 -26.288281 -27.601265 -22.432673 -24.038881 -25.608910 -23.897796
668 -28.914248 -27.601265 -29.293440 -30.686920 -22.186683 -23.897796 -25.362920 -23.546902
669 -27.601265 -26.288281 -27.899961 -29.293440 -23.897796 -25.608910 -27.178938 -25.362920
670 -30.686920 -29.293440 -30.985616 -32.459592 -23.546902 -25.362920 -26.828044 -24.907121
671 -29.293440 -27.899961 -29.511640 -30.985616 -25.362920 -27.178938 -28.748967 -26.828044
672 -22.468853 -20.967549 -22.432673 -24.038881 -23.064923 -24.216914 -25.909089 -24.676602
673 -20.967549 -19.466245 -20.826464 -22.432673 -24.216914 -25.368905 -27.141576 -25.909089
674 -24.038881 -22.432673 -23.897796 -25.608910 -24.676602 -25.909089 -27.601265 -26.288281
675 -22.432673 -20.826464 -22.186683 -23.897796 -25.909089 -27.141576 -28.914248 -27.601265
676 -25.608910 -23.897796 -25.362920 -27.178938 -26.288281 -27.601265 -29.293440 -27.899961
677 -23.897796 -22.186683 -23.546902 -25.362920 -27.601265 -28.914248 -30.686920 -29.293440
678 -27.178938 -25.362920 -26.828044 -28.748967 -27.899961 -29.293440 -30.985616 -29.511640
679 -25.362920 -23.546902 -24.907121 -26.828044 -29.293440 -30.686920 -32.459592 -30.985616
680 -19.466245 -17.964941 -19.220255 -20.826464 -25.368905 -26.520895 -28.374064 -27.141576
681 -17.964941 -16.463637 -17.614047 -19.220255 -26.520895 -27.672886 -29.606551 -28.374064
682 -20.826464 -19.220255 -20.475570 -22.186683 -27.141576 -28.374064 -30.227232 -28.914248
683 -19.220255 -17.614047 -18.764456 -20.475570 -28.374064 -29.606551 -31.540215 -30.227232
684 -22.186683 -20.475570 -21.730884 -23.546902 -28.914248 -30.227232 -32.080400 -30.686920
685 -20.475570 -18.764456 -19.914866 -21.730884 -30.227232 -31.540215 -33.473880 -32.080400
686 -23.546902 -21.730884 -22.986198 -24.907121 -30.686920 -32.080400 -33.933568 -32.459592
687 -21.730884 -19.914866 -21.065275 -22.986198 -32.080400 -33.473880 -35.407544 -33.933568
688 -15.733604 -13.985299 -14.962532 -16.833002 -28.094371 -28.818543 -30.832261 -30.057487
689 -13.985299 -12.236993 -13.092063 -14.962532 -28.818543 -29.542715 -31.607035 -30.832261
690 -16.833002 -14.962532 -15.939766 -17.932400 -30.057487 -30.832261 -32.845979 -32.020603
691 -14.962532 -13.092063 -13.947132 -15.939766 -30.832261 -31.607035 -33.671355 -32.845979
692 -17.932400 -15.939766 -16.916999 -19.031797 -32.020603 -32.845979 -34.859697 -33.983719
693 -15.939766 -13.947132 -14.802201 -16.916999 -32.845979 -33.671355 -35.735675 -34.859697
694 -19.031797 -16.916999 -17.894233 -20.131195 -33.983719 -34.859697 -36.873416 -35.946835
695 -16.916999 -14.802201 -15.657271 -17.894233 -34.859697 -35.735675 -37.799996 -36.873416
696 -12.236993 -10.488688 -11.221593 -13.092063 -29.542715 -30.266887 -32.381809 -31.607035
697 -10.488688 -8.740382 -9.351123 -11.221593 -30.266887 -30.991059 -33.156583 -32.381809
698 -13.092063 -11.221593 -11.954498 -13.947132 -31.607035 -32.381809 -34.496731 -33.671355
699 -11.221593 -9.351123 -9.961865 -11.954498 -32.381809 -33.156583 -35.322107 -34.496731
700 -13.947132 -11.954498 -12.687403 -14.802201 -33.671355 -34.496731 -36.611653 -35.735675
701 -11.954498 -9.961865 -10.572606 -12.687403 -34.496731 -35.322107 -37.487631 -36.611653
702 -14.802201 -12.687403 -13.420309 -15.657271 -35.735675 -36.611653 -38.726576 -37.799996
703 -12.687403 -10.572606 -11.183347 -13.420309 -36.611653 -37.487631 -39.653156 -38.726576
704 -7.926136 -6.049973 -6.472720 -8.479981 -31.209235 -31.456237 -33.654266 -33.390005
705 -6.049973 -4.173811 -4.465459 -6.472720 -31.456237 -31.703238 -33.918527 -33.654266
706 -8.479981 -6.472720 -6.895466 -9.033826 -33.390005 -33.654266 -35.852295 -35.570774
707 -6.472720 -4.465459 -4.757107 -6.895466 -33.654266 -33.918527 -36.133815 -35.852295
708 -9.033826 -6.895466 -7.318213 -9.587671 -35.570774 -35.852295 -38.050324 -37.751544
709 -6.895466 -4.757107 -5.048755 -7.318213 -35.852295 -36.133815 -38.349103 -38.050324
710 -9.587671 -7.318213 -7.740960 -10.141516 -37.751544 -38.050324 -40.248353 -39.932313
711 -7.318213 -5.048755 -5.340404 -7.740960 -38.050324 -38.349103 -40.564392 -40.248353
712 -4.173811 -2.297648 -2.458198 -4.465459 -31.703238 -31.950240 -34.182788 -33.918527
713 -2.297648 -0.421485 -0.450937 -2.458198 -31.950240 -32.197241 -34.447049 -34.182788
714 -4.465459 -2.458198 -2.618748 -4.757107 -33.918527 -34.182788 -36.415335 -36.133815
715 -2.458198 -0.450937 -0.480388 -2.618748 -34.182788 -34.447049 -36.696856 -36.415335
716 -4.757107 -2.618748 -2.779298 -5.048755 -36.133815 -36.415335 -38.647883 -38.349103
717 -2.618748 -0.480388 -0.509840 -2.779298 -36.415335 -36.696856 -38.946663 -38.647883
718 -5.048755 -2.779298 -2.939847 -5.340404 -38.349103 -38.647883 -40.880431 -40.564392
719 -2.779298 -0.509840 -0.539291 -2.939847 -38.647883 -38.946663 -41.196470 -40.880431
720 0.421485 2.297648 2.458198 0.450937 -32.197241 -31.950240 -34.182788 -34.447049
721 2.297648 4.173811 4.465459 2.458198 -31.950240 -31.703238 -33.918527 -34.182788
722 0.450937 2.458198 2.618748 0.480388 -34.447049 -34.182788 -36.415335 -36.696856
723 2.458198 4.465459 4.757107 2.618748 -34.182788 -33.918527 -36.133815 -36.415335
724 0.480388 2.618748 2.779298 0.509840 -36.696856 -36.415335 -38.647883 -38.946663
725 2.618748 4.757107 5.048755 2.779298 -36.415335 -36.133815 -38.349103 -38.647883
726 0.509840 2.779298 2.939847 0.539291 -38.946663 -38.647883 -40.880431 -41.196470
727 2.779298 5.048755 5.340404 2.939847 -38.647883 -38.349103 -40.564392 -40.880431
728 4.173811 6.049973 6.472720 4.465459 -31.703238 -31.456237 -33.654266 -33.918527
729 6.049973 7.926136 8.479981 6.472720 -31.456237 -31.209235 -33.390005 -33.654266
730 4.465459 6.472720 6.895466 4.757107 -33.918527 -33.654266 -35.852295 -36.133815
731 6.472720 8.479981 9.033826 6.895466 -33.654266 -33.390005 -35.570774 -35.852295
732 4.757107 6.895466 7.318213 5.048755 -36.133815 -35.852295 -38.050324 -38.349103
733 6.895466 9.033826 9.587671 7.318213 -35.852295 -35.570774 -37.751544 -38.050324
734 5.048755 7.318213 7.740960 5.340404 -38.349103 -38.050324 -40.248353 -40.564392
735 7.318213 9.587671 10.141516 7.740960 -38.050324 -37.751544 -39.932313 -40.248353
736 8.740382 10.488688 11.221593 9.351123 -30.991059 -30.266887 -32.381809 -33.156583
737 10.488688 12.236993 13.092063 11.221593 -30.266887 -29.542715 -31.607035 -32.381809
738 9.351123 11.221593 11.954498 9.961865 -33.156583 -32.381809 -34.496731 -35.322107
739 11.221593 13.092063 13.947132 11.954498 -32.381809 -31.607035 -33.671355 -34.496731
740 9.961865 11.954498 12.687403 10.572606 -35.322107 -34.496731 -36.611653 -37.487631
741 11.954498 13.947132 14.802201 12.687403 -34.496731 -33.671355 -35.735675 -36.611653
742 10.572606 12.687403 13.420309 11.183347 -37.487631 -36.611653 -38.726576 -39.653156
743 12.687403 14.802201 15.657271 13.420309 -36.611653 -35.735675 -37.799996 -38.726576
744 12.236993 13.985299 14.962532 13.092063 -29.542715 -28.818543 -30.832261 -31.607035
745 13.985299 15.733604 16.833002 14.962532 -28.818543 -28.094371 -30.057487 -30.832261
746 13.092063 14.962532 15.939766 13.947132 -31.607035 -30.832261 -32.845979 -33.671355
747 14.962532 16.833002 17.932400 15.939766 -30.832261 -30.057487 -32.020603 -32.845979
748 13.947132 15.939766 16.916999 14.802201 -33.671355 -32.845979 -34.859697 -35.735675
749 15.939766 17.932400 19.031797 16.916999 -32.845979 -32.020603 -33.983719 -34.859697
750 14.802201 16.916999 17.894233 15.657271 -35.735675 -34.859697 -36.873416 -37.799996
751 16.916999 19.031797 20.131195 17.894233 -34.859697 -33.983719 -35.946835 -36.873416
752 16.463637 17.964941 19.220255 17.614047 -27.672886 -26.520895 -28.374064 -29.606551
753 17.964941 19.466245 20.826464 19.220255 -26.520895 -25.368905 -27.141576 -28.374064
754 17.614047 19.220255 20.475570 18.764456 -29.606551 -28.374064 -30.227232 -31.540215
755 19.220255 20.826464 22.186683 20.475570 -28.374064 -27.141576 -28.914248 -30.227232
756 18.764456 20.475570 21.730884 19.914866 -31.540215 -30.227232 -32.080400 -33.473880
757 20.475570 22.186683 23.546902 21.730884 -30.227232 -28.914248 -30.686920 -32.080400
758 19.914866 21.730884 22.986198 21.065275 -33.473880 -32.080400 -33.933568 -35.407544
759 21.730884 23.546902 24.907121 22.986198 -32.080400 -30.686920 -32.459592 -33.933568
760 19.466245 20.967549 22.432673 20.826464 -25.368905 -24.216914 -25.909089 -27.141576
761 20.967549 22.468853 24.038881 22.432673 -24.216914 -23.064923 -24.676602 -25.909089
762 20.826464 22.432673 23.897796 22.186683 -27.141576 -25.909089 -27.601265 -28.914248
763 22.432673 24.038881 25.608910 23.897796 -25.909089 -24.676602 -26.288281 -27.601265
764 22.186683 23.897796 25.362920 23.546902 -28.914248 -27.601265 -29.293440 -30.686920
765 23.897796 25.608910 27.178938 25.362920 -27.601265 -26.288281 -27.899961 -29.293440
766 23.546902 25.362920 26.828044 24.907121 -30.686920 -29.293440 -30.985616 -32.459592
767 25.362920 27.178938 28.748967 26.828044 -29.293440 -27.899961 -29.511640 -30.985616
768 23.064923 24.216914 25.909089 24.676602 -22.468853 -20.967549 -22.432673 -24.038881
769 24.216914 25.368905 27.141576 25.909089 -20.967549 -19.466245 -20.826464 -22.432673
770 24.676602 25.909089 27.601265 26.288281 -24.038881 -22.432673 -23.897796 -25.608910
771 25.909089 27.141576 28.914248 27.601265 -22.432673 -20.826464 -22.186683 -23.897796
772 26.288281 27.601265 29.293440 27.899961 -25.608910 -23.897796 -25.362920 -27.178938
773 27.601265 28.914248 30.686920 29.293440 -23.897796 -22.186683 -23.546902 -25.362920
774 27.899961 29.293440 30.985616 29.511640 -27.178938 -25.362920 -26.828044 -28.748967
775 29.293440 30.686920 32.459592 30.985616 -25.362920 -23.546902 -24.907121 -26.828044
776 25.368905 26.520895 28.374064 27.141576 -19.466245 -17.964941 -19.220255 -20.826464
777 26.520895 27.672886 29.606551 28.374064 -17.964941 -16.463637 -17.614047 -19.220255
778 27.141576 28.374064 30.227232 28.914248 -20.826464 -19.220255 -20.475570 -22.186683
779 28.374064 29.606551 31.540215 30.227232 -19.220255 -17.614047 -18.764456 -20.475570
780 28.914248 30.227232 32.080400 30.686920 -22.186683 -20.475570 -21.730884 -23.546902
781 30.227232 31.540215 33.473880 32.080400 -20.475570 -18.764456 -19.914866 -21.730884
782 30.686920 32.080400 33.933568 32.459592 -23.546902 -21.730884 -22.986198 -24.907121
783 32.080400 33.473880 35.407544 33.933568 -21.730884 -19.914866 -21.065275 -22.986198
784 28.094371 28.818543 30.832261 30.057487 -15.733604 -13.985299 -14.962532 -16.833002
785 28.818543 29.542715 31.607035 30.832261 -13.985299 -12.236993 -13.092063 -14.962532
786 30.057487 30.832261 32.845979 32.020603 -16.833002 -14.962532 -15.939766 -17.932400
787 30.832261 31.607035 33.671355 32.845979 -14.962532 -13.092063 -13.947132 -15.939766
788 32.020603 32.845979 34.859697 33.983719 -17.932400 -15.939766 -16.916999 -19.031797
789 32.845979 33.671355 35.735675 34.859697 -15.939766 -13.947132 -14.802201 -16.916999
790 33.983719 34.859697 36.873416 35.946835 -19.031797 -16.916999 -17.894233 -20.131195
791 34.859697 35.735675 37.799996 36.873416 -16.916999 -14.802201 -15.657271 -17.894233
792 29.542715 30.266887 32.381809 31.607035 -12.236993 -10.488688 -11.221593 -13.092063
793 30.266887 30.991059 33.156583 32.381809 -10.488688 -8.740382 -9.351123 -11.221593
794 31.607035 32.381809 34.496731 33.671355 -13.092063 -11.221593 -11.954498 -13.947132
795 32.381809 33.156583 35.322107 34.496731 -11.221593 -9.351123 -9.961865 -11.954498
796 33.671355 34.496731 36.611653 35.735675 -13.947132 -11.954498 -12.687403 -14.802201
797 34.496731 35.322107 37.487631 36.611653 -11.954498 -9.961865 -10.572606 -12.687403
798 35.735675 36.611653 38.726576 37.799996 -14.802201 -12.687403 -13.420309 -15.657271
799 36.611653 37.487631 39.653156 38.726576 -12.687403 -10.572606 -11.183347 -13.420309
800 31.209235 31.456237 33.654266 33.390005 -7.926136 -6.049973 -6.472720 -8.479981
801 31.456237 31.703238 33.918527 33.654266 -6.049973 -4.173811 -4.465459 -6.472720
802 33.390005 33.654266 35.852295 35.570774 -8.479981 -6.472720 -6.895466 -9.033826
803 33.654266 33.918527 36.133815 35.852295 -6.472720 -4.465459 -4.757107 -6.895466
804 35.570774 35.852295 38.050324 37.751544 -9.033826 -6.895466 -7.318213 -9.587671
805 35.852295 36.133815 38.349103 38.050324 -6.895466 -4.757107 -5.048755 -7.318213
806 37.751544 38.050324 40.248353 39.932313 -9.587671 -7.318213 -7.740960 -10.141516
807 38.050324 38.349103 40.564392 40.248353 -7.318213 -5.048755 -5.340404 -7.740960
808 31.703238 31.950240 34.182788 33.918527 -4.173811 -2.297648 -2.458198 -4.465459
809 31.950240 32.197241 34.447049 34.182788 -2.297648 -0.421485 -0.450937 -2.458198
810 33.918527 34.182788 36.415335 36.133815 -4.465459 -2.458198 -2.618748 -4.757107
811 34.182788 34.447049 36.696856 36.415335 -2.458198 -0.450937 -0.480388 -2.618748
812 36.133815 36.415335 38.647883 38.349103 -4.757107 -2.618748 -2.779298 -5.048755
813 36.415335 36.696856 38.946663 38.647883 -2.618748 -0.480388 -0.509840 -2.779298
814 38.349103 38.647883 40.880431 40.564392 -5.048755 -2.779298 -2.939847 -5.340404
815 38.647883 38.946663 41.196470 40.880431 -2.779298 -0.509840 -0.539291 -2.939847
816 41.597719 41.393110 43.631920 43.847596 0.435626 2.382356 2.511209 0.459188
817 41.393110 41.188500 43.416243 43.631920 2.382356 4.329086 4.563231 2.511209
818 43.847596 43.631920 45.870730 46.097472 0.459188 2.511209 2.640063 0.482749
819 43.631920 43.416243 45.643987 45.870730 2.511209 4.563231 4.797376 2.640063
820 46.097472 45.870730 48.109540 48.347349 0.482749 2.640063 2.768916 0.506311
821 45.870730 45.643987 47.871730 48.109540 2.640063 4.797376 5.031522 2.768916
822 48.347349 48.109540 50.348350 50.597226 0.506311 2.768916 2.897770 0.529872
823 48.109540 47.871730 50.099474 50.348350 2.768916 5.031522 5.265667 2.897770
824 41.188500 40.983890 43.200567 43.416243 4.329086 6.275816 6.615253 4.563231
825 40.983890 40.779281 42.984891 43.200567 6.275816 8.222545 8.667274 6.615253
826 43.416243 43.200567 45.417244 45.643987 4.563231 6.615253 6.954690 4.797376
827 43.200567 42.984891 45.190501 45.417244 6.615253 8.667274 9.112003 6.954690
828 45.643987 45.417244 47.633921 47.871730 4.797376 6.954690 7.294127 5.031522
829 45.417244 45.190501 47.396111 47.633921 6.954690 9.112003 9.556732 7.294127
830 47.871730 47.633921 49.850597 50.099474 5.031522 7.294127 7.633564 5.265667
831 47.633921 47.396111 49.601721 49.850597 7.294127 9.556732 10.001461 7.633564
832 40.598137 39.993251 42.156348 42.793950 9.074759 10.936407 11.527920 9.565581
833 39.993251 39.388365 41.518745 42.156348 10.936407 12.798056 13.490258 11.527920
834 42.793950 42.156348 44.319444 44.989763 9.565581 11.527920 12.119432 10.056403
835 42.156348 41.518745 43.649125 44.319444 11.527920 13.490258 14.182461 12.119432
836 44.989763 44.319444 46.482541 47.185575 10.056403 12.119432 12.710944 10.547226
837 44.319444 43.649125 45.779506 46.482541 12.119432 14.182461 14.874663 12.710944
838 47.185575 46.482541 48.645637 49.381388 10.547226 12.710944 13.302457 11.038048
839 46.482541 45.779506 47.909886 48.645637 12.710944 14.874663 15.566866 13.302457
840 39.388365 38.783479 40.881143 41.518745 12.798056 14.659704 15.452597 13.490258
841 38.783479 38.178592 40.243540 40.881143 14.659704 16.521352 17.414935 15.452597
842 41.518745 40.881143 42.978807 43.649125 13.490258 15.452597 16.245489 14.182461
843 40.881143 40.243540 42.308488 42.978807 15.452597 17.414935 18.308518 16.245489
844 43.649125 42.978807 45.076471 45.779506 14.182461 16.245489 17.038382 14.874663
845 42.978807 42.308488 44.373436 45.076471 16.245489 18.308518 19.202101 17.038382
846 45.779506 45.076471 47.174135 47.909886 14.874663 17.038382 17.831274 15.566866
847 45.076471 44.373436 46.438384 47.174135 17.038382 19.202101 20.095683 17.831274
848 37.824222 36.845496 38.838341 39.870003 17.317281 19.012485 20.040804 18.253913
849 36.845496 35.866769 37.806679 38.838341 19.012485 20.707689 21.827696 20.040804
850 39.870003 38.838341 40.831186 41.915785 18.253913 20.040804 21.069124 19.190545
851 38.838341 37.806679 39.746588 40.831186 20.040804 21.827696 22.947703 21.069124
852 41.915785 40.831186 42.824032 43.961566 19.190545 21.069124 22.097443 20.127176
853 40.831186 39.746588 41.686497 42.824032 21.069124 22.947703 24.067710 22.097443
854 43.961566 42.824032 44.816877 46.007347 20.127176 22.097443 23.125763 21.063808
855 42.824032 41.686497 43.626407 44.816877 22.097443 24.067710 25.187718 23.125763
856 35.866769 34.888043 36.775016 37.806679 20.707689 22.402893 23.614588 21.827696
857 34.888043 33.909316 35.743354 36.775016 22.402893 24.098097 25.401479 23.614588
858 37.806679 36.775016 38.661990 39.746588 21.827696 23.614588 24.826283 22.947703
859 36.775016 35.743354 37.577391 38.661990 23.614588 25.401479 26.704862 24.826283
860 39.746588 38.661990 40.548963 41.686497 22.947703 24.826283 26.037978 24.067710
861 38.661990 37.577391 39.411429 40.548963 24.826283 26.704862 28.008245 26.037978
862 41.686497 40.548963 42.435937 43.626407 24.067710 26.037978 27.249673 25.187718
863 40.548963 39.411429 41.245466 42.435937 26.037978 28.008245 29.311627 27.249673
864 33.397207 32.087415 33.822913 35.203546 24.802955 26.257626 27.677810 26.144461
865 32.087415 30.777624 32.442279 33.822913 26.257626 27.712297 29.211159 27.677810
866 35.203546 33.822913 35.558410 37.009886 26.144461 27.677810 29.097994 27.485967
867 33.822913 32.442279 34.106934 35.558410 27.677810 29.211159 30.710021 29.097994
868 37.009886 35.558410 37.293907 38.816225 27.485967 29.097994 30.518178 28.827473
869 35.558410 34.106934 35.771589 37.293907 29.097994 30.710021 32.208883 30.518178
870 38.816225 37.293907 39.029404 40.622564 28.827473 30.518178 31.938362 30.168979
871 37.293907 35.771589 37.436244 39.029404 30.518178 32.208883 33.707746 31.938362
872 30.777624 29.467832 31.061645 32.442279 27.712297 29.166968 30.744508 29.211159
873 29.467832 28.158040 29.681011 31.061645 29.166968 30.621639 32.277857 30.744508
874 32.442279 31.061645 32.655458 34.106934 29.211159 30.744508 32.322048 30.710021
875 31.061645 29.681011 31.203982 32.655458 30.744508 32.277857 33.934076 32.322048
876 34.106934 32.655458 34.249271 35.771589 30.710021 32.322048 33.899589 32.208883
877 32.655458 31.203982 32.726953 34.249271 32.322048 33.934076 35.590294 33.899589
878 35.771589 34.249271 35.843084 37.436244 32.208883 33.899589 35.477129 33.707746
879 34.249271 32.726953 34.249924 35.843084 33.899589 35.590294 37.246513 35.477129
880 27.510574 25.926961 27.329260 28.998525 31.204620 32.355182 34.105162 32.892370
881 25.926961 24.343348 25.659996 27.329260 32.355182 33.505744 35.317954 34.105162
882 28.998525 27.329260 28.731560 30.486477 32.892370 34.105162 35.855142 34.580120
883 27.329260 25.659996 26.976643 28.731560 34.105162 35.317954 37.130164 35.855142
884 30.486477 28.731560 30.133860 31.974429 34.580120 35.855142 37.605122 36.267870
885 28.731560 26.976643 28.293291 30.133860 35.855142 37.130164 38.942374 37.605122
886 31.974429 30.133860 31.536159 33.462380 36.267870 37.605122 39.355102 37.955620
887 30.133860 28.293291 29.609938 31.536159 37.605122 38.942374 40.754583 39.355102
888 24.343348 22.759736 23.990731 25.659996 33.505744 34.656306 36.530746 35.317954
889 22.759736 21.176123 22.321466 23.990731 34.656306 35.806868 37.743538 36.530746
890 25.659996 23.990731 25.221726 26.976643 35.317954 36.530746 38.405186 37.130164
891 23.990731 22.321466 23.466809 25.221726 36.530746 37.743538 39.680207 38.405186
892 26.976643 25.221726 26.452722 28.293291 37.130164 38.405186 40.279625 38.942374
893 25.221726 23.466809 24.612152 26.452722 38.405186 39.680207 41.616877 40.279625
894 28.293291 26.452722 27.683717 29.609938 38.942374 40.279625 42.154065 40.754583
895 26.452722 24.612152 25.757496 27.683717 40.279625 41.616877 43.553547 42.154065
896 20.421596 18.633374 19.641189 21.526130 36.242495 37.038662 39.041955 38.202726
897 18.633374 16.845152 17.756248 19.641189 37.038662 37.834830 39.881185 39.041955
898 21.526130 19.641189 20.649003 22.630663 38.202726 39.041955 41.045248 40.162957
899 19.641189 17.756248 18.667344 20.649003 39.041955 39.881185 41.927540 41.045248
900 22.630663 20.649003 21.656818 23.735196 40.162957 41.045248 43.048541 42.123188
901 20.649003 18.667344 19.578440 21.656818 41.045248 41.927540 43.973895 43.048541
902 23.735196 21.656818 22.664633 24.839730 42.123188 43.048541 45.051835 44.083419
903 21.656818 19.578440 20.489535 22.664633 43.048541 43.973895 46.020250 45.051835
904 16.845152 15.056929 15.871307 17.756248 37.834830 38.630998 40.720415 39.881185
905 15.056929 13.268707 13.986366 15.871307 38.630998 39.427166 41.559645 40.720415
906 17.756248 15.871307 16.685684 18.667344 39.881185 40.720415 42.809832 41.927540
907 15.871307 13.986366 14.704024 16.685684 40.720415 41.559645 43.692124 42.809832
908 18.667344 16.685684 17.500061 19.578440 41.927540 42.809832 44.899249 43.973895
909 16.685684 14.704024 15.421683 17.500061 42.809832 43.692124 45.824603 44.899249
910 19.578440 17.500061 18.314438 20.489535 43.973895 44.899249 46.988666 46.020250
911 17.500061 15.421683 16.139341 18.314438 44.899249 45.824603 47.957082 46.988666
912 12.440097 10.525419 11.094703 13.112939 39.696398 40.103375 42.272428 41.843438
913 10.525419 8.610741 9.076466 11.094703 40.103375 40.510352 42.701417 42.272428
914 13.112939 11.094703 11.663986 13.785781 41.843438 42.272428 44.441480 43.990479
915 11.094703 9.076466 9.542192 11.663986 42.272428 42.701417 44.892482 44.441480
916 13.785781 11.663986 12.233270 14.458622 43.990479 44.441480 46.610533 46.137520
917 11.663986 9.542192 10.007917 12.233270 44.441480 44.892482 47.083547 46.610533
918 14.458622 12.233270 12.802553 15.131464 46.137520 46.610533 48.779586 48.284561
919 12.233270 10.007917 10.473642 12.802553 46.610533 47.083547 49.274611 48.779586
920 8.610741 6.696063 7.058230 9.076466 40.510352 40.917330 43.130406 42.701417
921 6.696063 4.781385 5.039994 7.058230 40.917330 41.324307 43.559396 43.130406
922 9.076466 7.058230 7.420397 9.542192 42.701417 43.130406 45.343483 44.892482
923 7.058230 5.039994 5.298603 7.420397 43.130406 43.559396 45.794484 45.343483
924 9.542192 7.420397 7.782564 10.007917 44.892482 45.343483 47.556560 47.083547
925 7.420397 5.298603 5.557211 7.782564 45.343483 45.794484 48.029573 47.556560
926 10.007917 7.782564 8.144731 10.473642 47.083547 47.556560 49.769637 49.274611
927 7.782564 5.557211 5.815820 8.144731 47.556560 48.029573 50.264662 49.769637
928 3.914906 1.957453 2.063325 4.126650 41.415378 41.415378 43.655392 43.655392
929 1.957453 -0.000000 -0.000000 2.063325 41.415378 41.415378 43.655392 43.655392
930 4.126650 2.063325 2.169197 4.338393 43.655392 43.655392 45.895407 45.895407
931 2.063325 -0.000000 -0.000000 2.169197 43.655392 43.655392 45.895407 45.895407
932 4.338393 2.169197 2.275068 4.550137 45.895407 45.895407 48.135421 48.135421
933 2.169197 -0.000000 -0.000000 2.275068 45.895407 45.895407 48.135421 48.135421
934 4.550137 2.275068 2.380940 4.761881 48.135421 48.135421 50.375435 50.375435
935 2.275068 -0.000000 -0.000000 2.380940 48.135421 48.135421 50.375435 50.375435
936 -0.000000 -1.957453 -2.063325 -0.000000 41.415378 41.415378 43.655392 43.655392
937 -1.957453 -3.914906 -4.126650 -2.063325 41.415378 41.415378 43.655392 43.655392
938 -0.000000 -2.063325 -2.169197 -0.000000 43.655392 43.655392 45.895407 45.895407
939 -2.063325 -4.126650 -4.338393 -2.169197 43.655392 43.655392 45.895407 45.895407
940 -0.000000 -2.169197 -2.275068 -0.000000 45.895407 45.895407 48.135421 48.135421
941 -2.169197 -4.338393 -4.550137 -2.275068 45.895407 45.895407 48.135421 48.135421
942 -0.000000 -2.275068 -2.380940 -0.000000 48.135421 48.135421 50.375435 50.375435
943 -2.275068 -4.550137 -4.761881 -2.380940 48.135421 48.135421 50.375435 50.375435
944 -4.781385 -6.696063 -7.058230 -5.039994 41.324307 40.917330 43.130406 43.559396
945 -6.696063 -8.610741 -9.076466 -7.058230 40.917330 40.510352 42.701417 43.130406
946 -5.039994 -7.058230 -7.420397 -5.298603 43.559396 43.130406 45.343483 45.794484
947 -7.058230 -9.076466 -9.542192 -7.420397 43.130406 42.701417 44.892482 45.343483
948 -5.298603 -7.420397 -7.782564 -5.557211 45.794484 45.343483 47.556560 48.029573
949 -7.420397 -9.542192 -10.007917 -7.782564 45.343483 44.892482 47.083547 47.556560
950 -5.557211 -7.782564 -8.144731 -5.815820 48.029573 47.556560 49.769637 50.264662
951 -7.782564 -10.007917 -10.473642 -8.144731 47.556560 47.083547 49.274611 49.769637
952 -8.610741 -10.525419 -11.094703 -9.076466 40.510352 40.103375 42.272428 42.701417
953 -10.525419 -12.440097 -13.112939 -11.094703 40.103375 39.696398 41.843438 42.272428
954 -9.076466 -11.094703 -11.663986 -9.542192 42.701417 42.272428 44.441480 44.892482
955 -11.094703 -13.112939 -13.785781 -11.663986 42.272428 41.843438 43.990479 44.441480
956 -9.542192 -11.663986 -12.233270 -10.007917 44.892482 44.441480 46.610533 47.083547
957 -11.663986 -13.785781 -14.458622 -12.233270 44.441480 43.990479 46.137520 46.610533
958 -10.007917 -12.233270 -12.802553 -10.473642 47.083547 46.610533 48.779586 49.274611
959 -12.233270 -14.458622 -15.131464 -12.802553 46.610533 46.137520 48.284561 48.779586
960 -13.268707 -15.056929 -15.871307 -13.986366 39.427166 38.630998 40.720415 41.559645
961 -15.056929 -16.845152 -17.756248 -15.871307 38.630998 37.834830 39.881185 40.720415
962 -13.986366 -15.871307 -16.685684 -14.704024 41.559645 40.720415 42.809832 43.692124
963 -15.871307 -17.756248 -18.667344 -16.685684 40.720415 39.881185 41.927540 42.809832
964 -14.704024 -16.685684 -17.500061 -15.421683 43.692124 42.809832 44.899249 45.824603
965 -16.685684 -18.667344 -19.578440 -17.500061 42.809832 41.927540 43.973895 44.899249
966 -15.421683 -17.500061 -18.314438 -16.139341 45.824603 44.899249 46.988666 47.957082
967 -17.500061 -19.578440 -20.489535 -18.314438 44.899249 43.973895 46.020250 46.988666
968 -16.845152 -18.633374 -19.641189 -17.756248 37.834830 37.038662 39.041955 39.881185
969 -18.633374 -20.421596 -21.526130 -19.641189 37.038662 36.242495 38.202726 39.041955
970 -17.756248 -19.641189 -20.649003 -18.667344 39.881185 39.041955 41.045248 41.927540
971 -19.641189 -21.526130 -22.630663 -20.649003 39.041955 38.202726 40.162957 41.045248
972 -18.667344 -20.649003 -21.656818 -19.578440 41.927540 41.045248 43.048541 43.973895
973 -20.649003 -22.630663 -23.735196 -21.656818 41.045248 40.162957 42.123188 43.048541
974 -19.578440 -21.656818 -22.664633 -20.489535 43.973895 43.048541 45.051835 46.020250
975 -21.656818 -23.735196 -24.839730 -22.664633 43.048541 42.123188 44.083419 45.051835
976 -21.176123 -22.759736 -23.990731 -22.321466 35.806868 34.656306 36.530746 37.743538
977 -22.759736 -24.343348 -25.659996 -23.990731 34.656306 33.505744 35.317954 36.530746
978 -22.321466 -23.990731 -25.221726 -23.466809 37.743538 36.530746 38.405186 39.680207
979 -23.990731 -25.659996 -26.976643 -25.221726 36.530746 35.317954 37.130164 38.405186
980 -23.466809 -25.221726 -26.452722 -24.612152 39.680207 38.405186 40.279625 41.616877
981 -25.221726 -26.976643 -28.293291 -26.452722 38.405186 37.130164 38.942374 40.279625
982 -24.612152 -26.452722 -27.683717 -25.757496 41.616877 40.279625 42.154065 43.553547
983 -26.452722 -28.293291 -29.609938 -27.683717 40.279625 38.942374 40.754583 42.154065
984 -24.343348 -25.926961 -27.329260 -25.659996 33.505744 32.355182 34.105162 35.317954
985 -25.926961 -27.510574 -28.998525 -27.329260 32.355182 31.204620 32.892370 34.105162
986 -25.659996 -27.329260 -28.731560 -26.976643 35.317954 34.105162 35.855142 37.130164
987 -27.329260 -28.998525 -30.486477 -28.731560 34.105162 32.892370 34.580120 35.855142
988 -26.976643 -28.731560 -30.133860 -28.293291 37.130164 35.855142 37.605122 38.942374
989 -28.731560 -30.486477 -31.974429 -30.133860 35.855142 34.580120 36.267870 37.605122
990 -28.293291 -30.133860 -31.536159 -29.609938 38.942374 37.605122 39.355102 40.754583
991 -30.133860 -31.974429 -33.462380 -31.536159 37.605122 36.267870 37.955620 39.355102
992 -28.158040 -29.467832 -31.061645 -29.681011 30.621639 29.166968 30.744508 32.277857
993 -29.467832 -30.777624 -32.442279 -31.061645 29.166968 27.712297 29.211159 30.744508
994 -29.681011 -31.061645 -32.655458 -31.203982 32.277857 30.744508 32.322048 33.934076
995 -31.061645 -32.442279 -34.106934 -32.655458 30.744508 29.211159 30.710021 32.322048
996 -31.203982 -32.655458 -34.249271 -32.726953 33.934076 32.322048 33.899589 35.590294
997 -32.655458 -34.106934 -35.771589 -34.249271 32.322048 30.710021 32.208883 33.899589
998 -32.726953 -34.249271 -35.843084 -34.249924 35.590294 33.899589 35.477129 37.246513
999 -34.249271 -35.771589 -37.436244 -35.843084 33.899589 32.208883 33.707746 35.477129
1000 -30.777624 -32.087415 -33.822913 -32.442279 27.712297 26.257626 27.677810 29.211159
1001 -32.087415 -33.397207 -35.203546 -33.822913 26.257626 24.802955 26.144461 27.677810
1002 -32.442279 -33.822913 -35.558410 -34.106934 29.211159 27.677810 29.097994 30.710021
1003 -33.822913 -35.203546 -37.009886 -35.558410 27.677810 26.144461 27.485967 29.097994
1004 -34.106934 -35.558410 -37.293907 -35.771589 30.710021 29.097994 30.518178 32.208883
1005 -35.558410 -37.009886 -38.816225 -37.293907 29.097994 27.485967 28.827473 30.518178
1006 -35.771589 -37.293907 -39.029404 -37.436244 32.208883 30.518178 31.938362 33.707746
1007 -37.293907 -38.816225 -40.622564 -39.029404 30.518178 28.827473 30.168979 31.938362
1008 -33.909316 -34.888043 -36.775016 -35.743354 24.098097 22.402893 23.614588 25.401479
1009 -34.888043 -35.866769 -37.806679 -36.775016 22.402893 20.707689 21.827696 23.614588
1010 -35.743354 -36.775016 -38.661990 -37.577391 25.401479 23.614588 24.826283 26.704862
1011 -36.775016 -37.806679 -39.746588 -38.661990 23.614588 21.827696 22.947703 24.826283
1012 -37.577391 -38.661990 -40.548963 -39.411429 26.704862 24.826283 26.037978 28.008245
1013 -38.661990 -39.746588 -41.686497 -40.548963 24.826283 22.947703 24.067710 26.037978
1014 -39.411429 -40.548963 -42.435937 -41.245466 28.008245 26.037978 27.249673 29.311627
1015 -40.548963 -41.686497 -43.626407 -42.435937 26.037978 24.067710 25.187718 27.249673
1016 -35.866769 -36.845496 -38.838341 -37.806679 20.707689 19.012485 20.040804 21.827696
1017 -36.845496 -37.824222 -39.870003 -38.838341 19.012485 17.317281 18.253913 20.040804
1018 -37.806679 -38.838341 -40.831186 -39.746588 21.827696 20.040804 21.069124 22.947703
1019 -38.838341 -39.870003 -41.915785 -40.831186 20.040804 18.253913 19.190545 21.069124
1020 -39.746588 -40.831186 -42.824032 -41.686497 22.947703 21.069124 22.097443 24.067710
1021 -40.831186 -41.915785 -43.961566 -42.824032 21.069124 19.190545 20.127176 22.097443
1022 -41.686497 -42.824032 -44.816877 -43.626407 24.067710 22.097443 23.125763 25.187718
1023 -42.824032 -43.961566 -46.007347 -44.816877 22.097443 20.127176 21.063808 23.125763
1024 -38.178592 -38.783479 -40.881143 -40.243540 16.521352 14.659704 15.452597 17.414935
1025 -38.783479 -39.388365 -41.518745 -40.881143 14.659704 12.798056 13.490258 15.452597
1026 -40.243540 -40.881143 -42.978807 -42.308488 17.414935 15.452597 16.245489 18.308518
1027 -40.881143 -41.518745 -43.649125 -42.978807 15.452597 13.490258 14.182461 16.245489
1028 -42.308488 -42.978807 -45.076471 -44.373436 18.308518 16.245489 17.038382 19.202101
1029 -42.978807 -43.649125 -45.779506 -45.076471 16.245489 14.182461 14.874663 17.038382
1030 -44.373436 -45.076471 -47.174135 -46.438384 19.202101 17.038382 17.831274 20.095683
1031 -45.076471 -45.779506 -47.909886 -47.174135 17.038382 14.874663 15.566866 17.831274
1032 -39.388365 -39.993251 -42.156348 -41.518745 12.798056 10.936407 11.527920 13.490258
1033 -39.993251 -40.598137 -42.793950 -42.156348 10.936407 9.074759 9.565581 11.527920
1034 -41.518745 -42.156348 -44.319444 -43.649125 13.490258 11.527920 12.119432 14.182461
1035 -42.156348 -42.793950 -44.989763 -44.319444 11.527920 9.565581 10.056403 12.119432
1036 -43.649125 -44.319444 -46.482541 -45.779506 14.182461 12.119432 12.710944 14.874663
1037 -44.319444 -44.989763 -47.185575 -46.482541 12.119432 10.056403 10.547226 12.710944
1038 -45.779506 -46.482541 -48.645637 -47.909886 14.874663 12.710944 13.302457 15.566866
1039 -46.482541 -47.185575 -49.381388 -48.645637 12.710944 10.547226 11.038048 13.302457
1040 -40.779281 -40.983890 -43.200567 -42.984891 8.222545 6.275816 6.615253 8.667274
1041 -40.983890 -41.188500 -43.416243 -43.200567 6.275816 4.329086 4.563231 6.615253
1042 -42.984891 -43.200567 -45.417244 -45.190501 8.667274 6.615253 6.954690 9.112003
1043 -43.200567 -43.416243 -45.643987 -45.417244 6.615253 4.563231 4.797376 6.954690
1044 -45.190501 -45.417244 -47.633921 -47.396111 9.112003 6.954690 7.294127 9.556732
1045 -45.417244 -45.643987 -47.871730 -47.633921 6.954690 4.797376 5.031522 7.294127
1046 -47.396111 -47.633921 -49.850597 -49.601721 9.556732 7.294127 7.633564 10.001461
1047 -47.633921 -47.871730 -50.099474 -49.850597 7.294127 5.031522 5.265667 7.633564
1048 -41.188500 -41.393110 -43.631920 -43.416243 4.329086 2.382356 2.511209 4.563231
1049 -41.393110 -41.597719 -43.847596 -43.631920 2.382356 0.435626 0.459188 2.511209
1050 -43.416243 -43.631920 -45.870730 -45.643987 4.563231 2.511209 2.640063 4.797376
1051 -43.631920 -43.847596 -46.097472 -45.870730 2.511209 0.459188 0.482749 2.640063
1052 -45.643987 -45.870730 -48.109540 -47.871730 4.797376 2.640063 2.768916 5.031522
1053 -45.870730 -46.097472 -48.347349 -48.109540 2.640063 0.482749 0.506311 2.768916
1054 -47.871730 -48.109540 -50.348350 -50.099474 5.031522 2.768916 2.897770 5.265667
1055 -48.109540 -48.347349 -50.597226 -50.348350 2.768916 0.506311 0.529872 2.897770
1056 -41.597719 -41.393110 -43.631920 -43.847596 -0.435626 -2.382356 -2.511209 -0.459188
1057 -41.393110 -41.188500 -43.416243 -43.631920 -2.382356 -4.329086 -4.563231 -2.511209
1058 -43.847596 -43.631920 -45.870730 -46.097472 -0.459188 -2.511209 -2.640063 -0.482749
1059 -43.631920 -43.416243 -45.643987 -45.870730 -2.511209 -4.563231 -4.797376 -2.640063
1060 -46.097472 -45.870730 -48.109540 -48.347349 -0.482749 -2.640063 -2.768916 -0.506311
1061 -45.870730 -45.643987 -47.871730 -48.109540 -2.640063 -4.797376 -5.031522 -2.768916
1062 -48.347349 -48.109540 -50.348350 -50.597226 -0.506311 -2.768916 -2.897770 -0.529872
1063 -48.109540 -47.871730 -50.099474 -50.348350 -2.768916 -5.031522 -5.265667 -2.897770
1064 -41.188500 -40.983890 -43.200567 -43.416243 -4.329086 -6.275816 -6.615253 -4.563231
1065 -40.983890 -40.779281 -42.984891 -43.200567 -6.275816 -8.222545 -8.667274 -6.615253
1066 -43.416243 -43.200567 -45.417244 -45.643987 -4.563231 -6.615253 -6.954690 -4.797376
1067 -43.200567 -42.984891 -45.190501 -45.417244 -6.615253 -8.667274 -9.112003 -6.954690
1068 -45.643987 -45.417244 -47.633921 -47.871730 -4.797376 -6.954690 -7.294127 -5.031522
1069 -45.417244 -45.190501 -47.396111 -47.633921 -6.954690 -9.112003 -9.556732 -7.294127
1070 -47.871730 -47.633921 -49.850597 -50.099474 -5.031522 -7.294127 -7.633564 -5.265667
1071 -47.633921 -47.396111 -49.601721 -49.850597 -7.294127 -9.556732 -10.001461 -7.633564
1072 -40.598137 -39.993251 -42.156348 -42.793950 -9.074759 -10.936407 -11.527920 -9.565581
1073 -39.993251 -39.388365 -41.518745 -42.156348 -10.936407 -12.798056 -13.490258 -11.527920
1074 -42.793950 -42.156348 -44.319444 -44.989763 -9.565581 -11.527920 -12.119432 -10.056403
1075 -42.156348 -41.518745 -43.649125 -44.319444 -11.527920 -13.490258 -14.182461 -12.119432
1076 -44.989763 -44.319444 -46.482541 -47.185575 -10.056403 -12.119432 -12.710944 -10.547226
1077 -44.319444 -43.649125 -45.779506 -46.482541 -12.119432 -14.182461 -14.874663 -12.710944
1078 -47.185575 -46.482541 -48.645637 -49.381388 -10.547226 -12.710944 -13.302457 -11.038048
1079 -46.482541 -45.779506 -47.909886 -48.645637 -12.710944 -14.874663 -15.566866 -13.302457
1080 -39.388365 -38.783479 -40.881143 -41.518745 -12.798056 -14.659704 -15.452597 -13.490258
1081 -38.783479 -38.178592 -40.243540 -40.881143 -14.659704 -16.521352 -17.414935 -15.452597
1082 -41.518745 -40.881143 -42.978807 -43.649125 -13.490258 -15.452597 -16.245489 -14.182461
1083 -40.881143 -40.243540 -42.308488 -42.978807 -15.452597 -17.414935 -18.308518 -16.245489
1084 -43.649125 -42.978807 -45.076471 -45.779506 -14.182461 -16.245489 -17.038382 -14.874663
1085 -42.978807 -42.308488 -44.373436 -45.076471 -16.245489 -18.308518 -19.202101 -17.038382
1086 -45.779506 -45.076471 -47.174135 -47.909886 -14.874663 -17.038382 -17.831274 -15.566866
1087 -45.076471 -44.373436 -46.438384 -47.174135 -17.038382 -19.202101 -20.095683 -17.831274
1088 -37.824222 -36.845496 -38.838341 -39.870003 -17.317281 -19.012485 -20.040804 -18.253913
1089 -36.845496 -35.866769 -37.806679 -38.838341 -19.012485 -20.707689 -21.827696 -20.040804
1090 -39.870003 -38.838341 -40.831186 -41.915785 -18.253913 -20.040804 -21.069124 -19.190545
1091 -38.838341 -37.806679 -39.746588 -40.831186 -20.040804 -21.827696 -22.947703 -21.069124
1092 -41.915785 -40.831186 -42.824032 -43.961566 -19.190545 -21.069124 -22.097443 -20.127176
1093 -40.831186 -39.746588 -41.686497 -42.824032 -21.069124 -22.947703 -24.067710 -22.097443
1094 -43.961566 -42.824032 -44.816877 -46.007347 -20.127176 -22.097443 -23.125763 -21.063808
1095 -42.824032 -41.686497 -43.626407 -44.816877 -22.097443 -24.067710 -25.187718 -23.125763
1096 -35.866769 -34.888043 -36.775016 -37.806679 -20.707689 -22.402893 -23.614588 -21.827696
1097 -34.888043 -33.909316 -35.743354 -36.775016 -22.402893 -24.098097 -25.401479 -23.614588
1098 -37.806679 -36.775016 -38.661990 -39.746588 -21.827696 -23.614588 -24.826283 -22.947703
1099 -36.775016 -35.743354 -37.577391 -38.661990 -23.614588 -25.401479 -26.704862 -24.826283
1100 -39.746588 -38.661990 -40.548963 -41.686497 -22.947703 -24.826283 -26.037978 -24.067710
1101 -38.661990 -37.577391 -39.411429 -40.548963 -24.826283 -26.704862 -28.008245 -26.037978
1102 -41.686497 -40.548963 -42.435937 -43.626407 -24.067710 -26.037978 -27.249673 -25.187718
1103 -40.548963 -39.411429 -41.245466 -42.435937 -26.037978 -28.008245 -29.311627 -27.249673
1104 -33.397207 -32.087415 -33.822913 -35.203546 -24.802955 -26.257626 -27.677810 -26.144461
1105 -32.087415 -30.777624 -32.442279 -33.822913 -26.257626 -27.712297 -29.211159 -27.677810
1106 -35.203546 -33.822913 -35.558410 -37.009886 -26.144461 -27.677810 -29.097994 -27.485967
1107 -33.822913 -32.442279 -34.106934 -35.558410 -27.677810 -29.211159 -30.710021 -29.097994
1108 -37.009886 -35.558410 -37.293907 -38.816225 -27.485967 -29.097994 -30.518178 -28.827473
1109 -35.558410 -34.106934 -35.771589 -37.293907 -29.097994 -30.710021 -32.208883 -30.518178
1110 -38.816225 -37.293907 -39.029404 -40.622564 -28.827473 -30.518178 -31.938362 -30.168979
1111 -37.293907 -35.771589 -37.436244 -39.029404 -30.518178 -32.208883 -33.707746 -31.938362
1112 -30.777624 -29.467832 -31.061645 -32.442279 -27.712297 -29.166968 -30.744508 -29.211159
1113 -29.467832 -28.158040 -29.681011 -31.061645 -29.166968 -30.621639 -32.277857 -30.744508
1114 -32.442279 -31.061645 -32.655458 -34.106934 -29.211159 -30.744508 -32.322048 -30.710021
1115 -31.061645 -29.681011 -31.203982 -32.655458 -30.744508 -32.277857 -33.934076 -32.322048
1116 -34.106934 -32.655458 -34.249271 -35.771589 -30.710021 -32.322048 -33.899589 -32.208883
1117 -32.655458 -31.203982 -32.726953 -34.249271 -32.322048 -33.934076 -35.590294 -33.899589
1118 -35.771589 -34.249271 -35.843084 -37.436244 -32.208883 -33.899589 -35.477129 -33.707746
1119 -34.249271 -32.726953 -34.249924 -35.843084 -33.899589 -35.590294 -37.246513 -35.477129
1120 -27.510574 -25.926961 -27.329260 -28.998525 -31.204620 -32.355182 -34.105162 -32.892370
1121 -25.926961 -24.343348 -25.659996 -27.329260 -32.355182 -33.505744 -35.317954 -34.105162
1122 -28.998525 -27.329260 -28.731560 -30.486477 -32.892370 -34.105162 -35.855142 -34.580120
1123 -27.329260 -25.659996 -26.976643 -28.731560 -34.105162 -35.317954 -37.130164 -35.855142
1124 -30.486477 -28.731560 -30.133860 -31.974429 -34.580120 -35.855142 -37.605122 -36.267870
1125 -28.731560 -26.976643 -28.293291 -30.133860 -35.855142 -37.130164 -38.942374 -37.605122
1126 -31.974429 -30.133860 -31.536159 -33.462380 -36.267870 -37.605122 -39.355102 -37.955620
1127 -30.133860 -28.293291 -29.609938 -31.536159 -37.605122 -38.942374 -40.754583 -39.355102
1128 -24.343348 -22.759736 -23.990731 -25.659996 -33.505744 -34.656306 -36.530746 -35.317954
1129 -22.759736 -21.176123 -22.321466 -23.990731 -34.656306 -35.806868 -37.743538 -36.530746
1130 -25.659996 -23.990731 -25.221726 -26.976643 -35.317954 -36.530746 -38.405186 -37.130164
1131 -23.990731 -22.321466 -23.466809 -25.221726 -36.530746 -37.743538 -39.680207 -38.405186
1132 -26.976643 -25.221726 -26.452722 -28.293291 -37.130164 -38.405186 -40.279625 -38.942374
1133 -25.221726 -23.466809 -24.612152 -26.452722 -38.405186 -39.680207 -41.616877 -40.279625
1134 -28.293291 -26.452722 -27.683717 -29.609938 -38.942374 -40.279625 -42.154065 -40.754583
1135 -26.452722 -24.612152 -25.757496 -27.683717 -40.279625 -41.616877 -43.553547 -42.154065
1136 -20.421596 -18.633374 -19.641189 -21.526130 -36.242495 -37.038662 -39.041955 -38.202726
1137 -18.633374 -16.845152 -17.756248 -19.641189 -37.038662 -37.834830 -39.881185 -39.041955
1138 -21.526130 -19.641189 -20.649003 -22.630663 -38.202726 -39.041955 -41.045248 -40.162957
1139 -19.641189 -17.756248 -18.667344 -20.649003 -39.041955 -39.881185 -41.927540 -41.045248
1140 -22.630663 -20.649003 -21.656818 -23.735196 -40.162957 -41.045248 -43.048541 -42.123188
1141 -20.649003 -18.667344 -19.578440 -21.656818 -41.045248 -41.927540 -43.973895 -43.048541
1142 -23.735196 -21.656818 -22.664633 -24.839730 -42.123188 -43.048541 -45.051835 -44.083419
1143 -21.656818 -19.578440 -20.489535 -22.664633 -43.048541 -43.973895 -46.020250 -45.051835
1144 -16.845152 -15.056929 -15.871307 -17.756248 -37.834830 -38.630998 -40.720415 -39.881185
1145 -15.056929 -13.268707 -13.986366 -15.871307 -38.630998 -39.427166 -41.559645 -40.720415
1146 -17.756248 -15.871307 -16.685684 -18.667344 -39.881185 -40.720415 -42.809832 -41.927540
1147 -15.871307 -13.986366 -14.704024 -16.685684 -40.720415 -41.559645 -43.692124 -42.809832
1148 -18.667344 -16.685684 -17.500061 -19.578440 -41.927540 -42.809832 -44.899249 -43.973895
1149 -16.685684 -14.704024 -15.421683 -17.500061 -42.809832 -43.692124 -45.824603 -44.899249
1150 -19.578440 -17.500061 -18.314438 -20.489535 -43.973895 -44.899249 -46.988666 -46.020250
1151 -17.500061 -15.421683 -16.139341 -18.314438 -44.899249 -45.824603 -47.957082 -46.988666
1152 -12.440097 -10.525419 -11.094703 -13.112939 -39.696398 -40.103375 -42.272428 -41.843438
1153 -10.525419 -8.610741 -9.076466 -11.094703 -40.103375 -40.510352 -42.701417 -42.272428
1154 -13.112939 -11.094703 -11.663986 -13.785781 -41.843438 -42.272428 -44.441480 -43.990479
1155 -11.094703 -9.076466 -9.542192 -11.663986 -42.272428 -42.701417 -44.892482 -44.441480
1156 -13.785781 -11.663986 -12.233270 -14.458622 -43.990479 -44.441480 -46.610533 -46.137520
1157 -11.663986 -9.542192 -10.007917 -12.233270 -44.441480 -44.892482 -47.083547 -46.610533
1158 -14.458622 -12.233270 -12.802553 -15.131464 -46.137520 -46.610533 -48.779586 -48.284561
1159 -12.233270 -10.007917 -10.473642 -12.802553 -46.610533 -47.083547 -49.274611 -48.779586
1160 -8.610741 -6.696063 -7.058230 -9.076466 -40.510352 -40.917330 -43.130406 -42.701417
1161 -6.696063 -4.781385 -5.039994 -7.058230 -40.917330 -41.324307 -43.559396 -43.130406
1162 -9.076466 -7.058230 -7.420397 -9.542192 -42.701417 -43.130406 -45.343483 -44.892482
1163 -7.058230 -5.039994 -5.298603 -7.420397 -43.130406 -43.559396 -45.794484 -45.343483
1164 -9.542192 -7.420397 -7.782564 -10.007917 -44.892482 -45.343483 -47.556560 -47.083547
1165 -7.420397 -5.298603 -5.557211 -7.782564 -45.343483 -45.794484 -48.029573 -47.556560
1166 -10.007917 -7.782564 -8.144731 -10.473642 -47.083547 -47.556560 -49.769637 -49.274611
1167 -7.782564 -5.557211 -5.815820 -8.144731 -47.556560 -48.029573 -50.264662 -49.769637
1168 -3.914906 -1.957453 -2.063325 -4.126650 -41.415378 -41.415378 -43.655392 -43.655392
1169 -1.957453 -0.000000 -0.000000 -2.063325 -41.415378 -41.415378 -43.655392 -43.655392
1170 -4.126650 -2.063325 -2.169197 -4.338393 -43.655392 -43.655392 -45.895407 -45.895407
1171 -2.063325 -0.000000 -0.000000 -2.169197 -43.655392 -43.655392 -45.895407 -45.895407
1172 -4.338393 -2.169197 -2.275068 -4.550137 -45.895407 -45.895407 -48.135421 -48.135421
1173 -2.169197 -0.000000 -0.000000 -2.275068 -45.895407 -45.895407 -48.135421 -48.135421
1174 -4.550137 -2.275068 -2.380940 -4.761881 -48.135421 -48.135421 -50.375435 -50.375435
1175 -2.275068 -0.000000 -0.000000 -2.380940 -48.135421 -48.135421 -50.375435 -50.375435
1176 -0.000000 1.957453 2.063325 -0.000000 -41.415378 -41.415378 -43.655392 -43.655392
1177 1.957453 3.914906 4.126650 2.063325 -41.415378 -41.415378 -43.655392 -43.655392
1178 -0.000000 2.063325 2.169197 -0.000000 -43.655392 -43.655392 -45.895407 -45.895407
1179 2.063325 4.126650 4.338393 2.169197 -43.655392 -43.655392 -45.895407 -45.895407
1180 -0.000000 2.169197 2.275068 -0.000000 -45.895407 -45.895407 -48.135421 -48.135421
1181 2.169197 4.338393 4.550137 2.275068 -45.895407 -45.895407 -48.135421 -48.135421
1182 -0.000000 2.275068 2.380940 -0.000000 -48.135421 -48.135421 -50.375435 -50.375435
1183 2.275068 4.550137 4.761881 2.380940 -48.135421 -48.135421 -50.375435 -50.375435
1184 4.781385 6.696063 7.058230 5.039994 -41.324307 -40.917330 -43.130406 -43.559396
1185 6.696063 8.610741 9.076466 7.058230 -40.917330 -40.510352 -42.701417 -43.130406
1186 5.039994 7.058230 7.420397 5.298603 -43.559396 -43.130406 -45.343483 -45.794484
1187 7.058230 9.076466 9.542192 7.420397 -43.130406 -42.701417 -44.892482 -45.343483
1188 5.298603 7.420397 7.782564 5.557211 -45.794484 -45.343483 -47.556560 -48.029573
1189 7.420397 9.542192 10.007917 7.782564 -45.343483 -44.892482 -47.083547 -47.556560
1190 5.557211 7.782564 8.144731 5.815820 -48.029573 -47.556560 -49.769637 -50.264662
1191 7.782564 10.007917 10.473642 8.144731 -47.556560 -47.083547 -49.274611 -49.769637
1192 8.610741 10.525419 11.094703 9.076466 -40.510352 -40.103375 -42.272428 -42.701417
1193 10.525419 12.440097 13.112939 11.094703 -40.103375 -39.696398 -41.843438 -42.272428
1194 9.076466 11.094703 11.663986 9.542192 -42.701417 -42.272428 -44.441480 -44.892482
1195 11.094703 13.112939 13.785781 11.663986 -42.272428 -41.843438 -43.990479 -44.441480
1196 9.542192 11.663986 12.233270 10.007917 -44.892482 -44.441480 -46.610533 -47.083547
1197 11.663986 13.785781 14.458622 12.233270 -44.441480 -43.990479 -46.137520 -46.610533
1198 10.007917 12.233270 12.802553 10.473642 -47.083547 -46.610533 -48.779586 -49.274611
1199 12.233270 14.458622 15.131464 12.802553 -46.610533 -46.137520 -48.284561 -48.779586
1200 13.268707 15.056929 15.871307 13.986366 -39.427166 -38.630998 -40.720415 -41.559645
1201 15.056929 16.845152 17.756248 15.871307 -38.630998 -37.834830 -39.881185 -40.720415
1202 13.986366 15.871307 16.685684 14.704024 -41.559645 -40.720415 -42.809832 -43.692124
1203 15.871307 17.756248 18.667344 16.685684 -40.720415 -39.881185 -41.927540 -42.809832
1204 14.704024 16.685684 17.500061 15.421683 -43.692124 -42.809832 -44.899249 -45.824603
1205 16.685684 18.667344 19.578440 17.500061 -42.809832 -41.927540 -43.973895 -44.899249
1206 15.421683 17.500061 18.314438 16.139341 -45.824603 -44.899249 -46.988666 -47.957082
1207 17.500061 19.578440 20.489535 18.314438 -44.899249 -43.973895 -46.020250 -46.988666
1208 16.845152 18.633374 19.641189 17.756248 -37.834830 -37.038662 -39.041955 -39.881185
1209 18.633374 20.421596 21.526130 19.641189 -37.038662 -36.242495 -38.202726 -39.041955
1210 17.756248 19.641189 20.649003 18.667344 -39.881185 -39.041955 -41.045248 -41.927540
1211 19.641189 21.526130 22.630663 20.649003 -39.041955 -38.202726 -40.162957 -41.045248
1212 18.667344 20.649003 21.656818 19.578440 -41.927540 -41.045248 -43.048541 -43.973895
1213 20.649003 22.630663 23.735196 21.656818 -41.045248 -40.162957 -42.123188 -43.048541
1214 19.578440 21.656818 22.664633 20.489535 -43.973895 -43.048541 -45.051835 -46.020250
1215 21.656818 23.735196 24.839730 22.664633 -43.048541 -42.123188 -44.083419 -45.051835
1216 21.176123 22.759736 23.990731 22.321466 -35.806868 -34.656306 -36.530746 -37.743538
1217 22.759736 24.343348 25.659996 23.990731 -34.656306 -33.505744 -35.317954 -36.530746
1218 22.321466 23.990731 25.221726 23.466809 -37.743538 -36.530746 -38.405186 -39.680207
1219 23.990731 25.659996 26.976643 25.221726 -36.530746 -35.317954 -37.130164 -38.405186
1220 23.466809 25.221726 26.452722 24.612152 -39.680207 -38.405186 -40.279625 -41.616877
1221 25.221726 26.976643 28.293291 26.452722 -38.405186 -37.130164 -38.942374 -40.279625
1222 24.612152 26.452722 27.683717 25.757496 -41.616877 -40.279625 -42.154065 -43.553547
1223 26.452722 28.293291 29.609938 27.683717 -40.279625 -38.942374 -40.754583 -42.154065
1224 24.343348 25.926961 27.329260 25.659996 -33.505744 -32.355182 -34.105162 -35.317954
1225 25.926961 27.510574 28.998525 27.329260 -32.355182 -31.204620 -32.892370 -34.105162
1226 25.659996 27.329260 28.731560 26.976643 -35.317954 -34.105162 -35.855142 -37.130164
1227 27.329260 28.998525 30.486477 28.731560 -34.105162 -32.892370 -34.580120 -35.855142
1228 26.976643 28.731560 30.133860 28.293291 -37.130164 -35.855142 -37.605122 -38.942374
1229 28.731560 30.486477 31.974429 30.133860 -35.855142 -34.580120 -36.267870 -37.605122
1230 28.293291 30.133860 31.536159 29.609938 -38.942374 -37.605122 -39.355102 -40.754583
1231 30.133860 31.974429 33.462380 31.536159 -37.605122 -36.267870 -37.955620 -39.355102
1232 28.158040 29.467832 31.061645 29.681011 -30.621639 -29.166968 -30.744508 -32.277857
1233 29.467832 30.777624 32.442279 31.061645 -29.166968 -27.712297 -29.211159 -30.744508
1234 29.681011 31.061645 32.655458 31.203982 -32.277857 -30.744508 -32.322048 -33.934076
1235 31.061645 32.442279 34.106934 32.655458 -30.744508 -29.211159 -30.710021 -32.322048
1236 31.203982 32.655458 34.249271 32.726953 -33.934076 -32.322048 -33.899589 -35.590294
1237 32.655458 34.106934 35.771589 34.249271 -32.322048 -30.710021 -32.208883 -33.899589
1238 32.726953 34.249271 35.843084 34.249924 -35.590294 -33.899589 -35.477129 -37.246513
1239 34.249271 35.771589 37.436244 35.843084 -33.899589 -32.208883 -33.707746 -35.477129
1240 30.777624 32.087415 33.822913 32.442279 -27.712297 -26.257626 -27.677810 -29.211159
1241 32.087415 33.397207 35.203546 33.822913 -26.257626 -24.802955 -26.144461 -27.677810
1242 32.442279 33.822913 35.558410 34.106934 -29.211159 -27.677810 -29.097994 -30.710021
1243 33.822913 35.203546 37.009886 35.558410 -27.677810 -26.144461 -27.485967 -29.097994
1244 34.106934 35.558410 37.293907 35.771589 -30.710021 -29.097994 -30.518178 -32.208883
1245 35.558410 37.009886 38.816225 37.293907 -29.097994 -27.485967 -28.827473 -30.518178
1246 35.771589 37.293907 39.029404 37.436244 -32.208883 -30.518178 -31.938362 -33.707746
1247 37.293907 38.816225 40.622564 39.029404 -30.518178 -28.827473 -30.168979 -31.938362
1248 33.909316 34.888043 36.775016 35.743354 -24.098097 -22.402893 -23.614588 -25.401479
1249 34.888043 35.866769 37.806679 36.775016 -22.402893 -20.707689 -21.827696 -23.614588
1250 35.743354 36.775016 38.661990 37.577391 -25.401479 -23.614588 -24.826283 -26.704862
1251 36.775016 37.806679 39.746588 38.661990 -23.614588 -21.827696 -22.947703 -24.826283
1252 37.577391 38.661990 40.548963 39.411429 -26.704862 -24.826283 -26.037978 -28.008245
1253 38.661990 39.746588 41.686497 40.548963 -24.826283 -22.947703 -24.067710 -26.037978
1254 39.411429 40.548963 42.435937 41.245466 -28.008245 -26.037978 -27.249673 -29.311627
1255 40.548963 41.686497 43.626407 42.435937 -26.037978 -24.067710 -25.187718 -27.249673
1256 35.866769 36.845496 38.838341 37.806679 -20.707689 -19.012485 -20.040804 -21.827696
1257 36.845496 37.824222 39.870003 38.838341 -19.012485 -17.317281 -18.253913 -20.040804
1258 37.806679 38.838341 40.831186 39.746588 -21.827696 -20.040804 -21.069124 -22.947703
1259 38.838341 39.870003 41.915785 40.831186 -20.040804 -18.253913 -19.190545 -21.069124
1260 39.746588 40.831186 42.824032 41.686497 -22.947703 -21.069124 -22.097443 -24.067710
1261 40.831186 41.915785 43.961566 42.824032 -21.069124 -19.190545 -20.127176 -22.097443
1262 41.686497 42.824032 44.816877 43.626407 -24.067710 -22.097443 -23.125763 -25.187718
1263 42.824032 43.961566 46.007347 44.816877 -22.097443 -20.127176 -21.063808 -23.125763
1264 38.178592 38.783479 40.881143 40.243540 -16.521352 -14.659704 -15.452597 -17.414935
1265 38.783479 39.388365 41.518745 40.881143 -14.659704 -12.798056 -13.490258 -15.452597
1266 40.243540 40.881143 42.978807 42.308488 -17.414935 -15.452597 -16.245489 -18.308518
1267 40.881143 41.518745 43.649125 42.978807 -15.452597 -13.490258 -14.182461 -16.245489
1268 42.308488 42.978807 45.076471 44.373436 -18.308518 -16.245489 -17.038382 -19.202101
1269 42.978807 43.649125 45.779506 45.076471 -16.245489 -14.182461 -14.874663 -17.038382
1270 44.373436 45.076471 47.174135 46.438384 -19.202101 -17.038382 -17.831274 -20.095683
1271 45.076471 45.779506 47.909886 47.174135 -17.038382 -14.874663 -15.566866 -17.831274
1272 39.388365 39.993251 42.156348 41.518745 -12.798056 -10.936407 -11.527920 -13.490258
1273 39.993251 40.598137 42.793950 42.156348 -10.936407 -9.074759 -9.565581 -11.527920
1274 41.518745 42.156348 44.319444 43.649125 -13.490258 -11.527920 -12.119432 -14.182461
1275 42.156348 42.793950 44.989763 44.319444 -11.527920 -9.565581 -10.056403 -12.119432
1276 43.649125 44.319444 46.482541 45.779506 -14.182461 -12.119432 -12.710944 -14.874663
1277 44.319444 44.989763 47.185575 46.482541 -12.119432 -10.056403 -10.547226 -12.710944
1278 45.779506 46.482541 48.645637 47.909886 -14.874663 -12.710944 -13.302457 -15.566866
1279 46.482541 47.185575 49.381388 48.645637 -12.710944 -10.547226 -11.038048 -13.302457
1280 40.779281 40.983890 43.200567 42.984891 -8.222545 -6.275816 -6.615253 -8.667274
1281 40.983890 41.188500 43.416243 43.200567 -6.275816 -4.329086 -4.563231 -6.615253
1282 42.984891 43.200567 45.417244 45.190501 -8.667274 -6.615253 -6.954690 -9.112003
1283 43.200567 43.416243 45.643987 45.417244 -6.615253 -4.563231 -4.797376 -6.954690
1284 45.190501 45.417244 47.633921 47.396111 -9.112003 -6.954690 -7.294127 -9.556732
1285 45.417244 45.643987 47.871730 47.633921 -6.954690 -4.797376 -5.031522 -7.294127
1286 47.396111 47.633921 49.850597 49.601721 -9.556732 -7.294127 -7.633564 -10.001461
1287 47.633921 47.871730 50.099474 49.850597 -7.294127 -5.031522 -5.265667 -7.633564
1288 41.188500 41.393110 43.631920 43.416243 -4.329086 -2.382356 -2.511209 -4.563231
1289 41.393110 41.597719 43.847596 43.631920 -2.382356 -0.435626 -0.459188 -2.511209
1290 43.416243 43.631920 45.870730 45.643987 -4.563231 -2.511209 -2.640063 -4.797376
1291 43.631920 43.847596 46.097472 45.870730 -2.511209 -0.459188 -0.482749 -2.640063
1292 45.643987 45.870730 48.109540 47.871730 -4.797376 -2.640063 -2.768916 -5.031522
1293 45.870730 46.097472 48.347349 48.109540 -2.640063 -0.482749 -0.506311 -2.768916
1294 47.871730 48.109540 50.348350 50.099474 -5.031522 -2.768916 -2.897770 -5.265667
1295 48.109540 48.347349 50.597226 50.348350 -2.768916 -0.506311 -0.529872 -2.897770
1296 50.998573 50.870384 52.152831 52.284252 0.381476 2.092039 2.144779 0.391093
1297 50.870384 50.742195 52.021410 52.152831 2.092039 3.802602 3.898466 2.144779
1298 52.284252 52.152831 53.435278 53.569930 0.391093 2.144779 2.197520 0.400710
1299 52.152831 52.021410 53.300625 53.435278 2.144779 3.898466 3.994330 2.197520
1300 53.569930 53.435278 54.717724 54.855608 0.400710 2.197520 2.250260 0.410327
1301 53.435278 53.300625 54.579840 54.717724 2.197520 3.994330 4.090194 2.250260
1302 54.855608 54.717724 56.000171 56.141287 0.410327 2.250260 2.303001 0.419944
1303 54.717724 54.579840 55.859055 56.000171 2.250260 4.090194 4.186057 2.303001
1304 56.141287 56.000171 57.282618 57.426965 0.419944 2.303001 2.355741 0.429561
1305 56.000171 55.859055 57.138270 57.282618 2.303001 4.186057 4.281921 2.355741
1306 57.426965 57.282618 58.565064 58.712643 0.429561 2.355741 2.408482 0.439178
1307 57.282618 57.138270 58.417485 58.565064 2.355741 4.281921 4.377785 2.408482
1308 58.712643 58.565064 59.847511 59.998322 0.439178 2.408482 2.461222 0.448795
1309 58.565064 58.417485 59.696700 59.847511 2.408482 4.377785 4.473649 2.461222
1310 50.742195 50.614006 51.889990 52.021410 3.802602 5.513165 5.652152 3.898466
1311 50.614006 50.485817 51.758569 51.889990 5.513165 7.223728 7.405839 5.652152
1312 52.021410 51.889990 53.165973 53.300625 3.898466 5.652152 5.791140 3.994330
1313 51.889990 51.758569 53.031321 53.165973 5.652152 7.405839 7.587950 5.791140
1314 53.300625 53.165973 54.441956 54.579840 3.994330 5.791140 5.930127 4.090194
1315 53.165973 53.031321 54.304072 54.441956 5.791140 7.587950 7.770061 5.930127
1316 54.579840 54.441956 55.717940 55.859055 4.090194 5.930127 6.069114 4.186057
1317 54.441956 54.304072 55.576824 55.717940 5.930127 7.770061 7.952171 6.069114
1318 55.859055 55.717940 56.993923 57.138270 4.186057 6.069114 6.208102 4.281921
1319 55.717940 55.576824 56.849576 56.993923 6.069114 7.952171 8.134282 6.208102
1320 57.138270 56.993923 58.269906 58.417485 4.281921 6.208102 6.347089 4.377785
1321 56.993923 56.849576 58.122328 58.269906 6.208102 8.134282 8.316393 6.347089
1322 58.417485 58.269906 59.545890 59.696700 4.377785 6.347089 6.486076 4.473649
1323 58.269906 58.122328 59.395079 59.545890 6.347089 8.316393 8.498504 6.486076
1324 50.372105 49.990402 51.250664 51.641990 7.978158 9.650510 9.893800 8.179288
1325 49.990402 49.608699 50.859338 51.250664 9.650510 11.322862 11.608312 9.893800
1326 51.641990 51.250664 52.510926 52.911875 8.179288 9.893800 10.137090 8.380418
1327 51.250664 50.859338 52.109977 52.510926 9.893800 11.608312 11.893762 10.137090
1328 52.911875 52.510926 53.771189 54.181760 8.380418 10.137090 10.380380 8.581548
1329 52.510926 52.109977 53.360617 53.771189 10.137090 11.893762 12.179213 10.380380
1330 54.181760 53.771189 55.031451 55.451645 8.581548 10.380380 10.623670 8.782678
1331 53.771189 53.360617 54.611256 55.031451 10.380380 12.179213 12.464663 10.623670
1332 55.451645 55.031451 56.291713 56.721530 8.782678 10.623670 10.866961 8.983808
1333 55.031451 54.611256 55.861896 56.291713 10.623670 12.464663 12.750113 10.866961
1334 56.721530 56.291713 57.551975 57.991415 8.983808 10.866961 11.110251 9.184938
1335 56.291713 55.861896 57.112535 57.551975 10.866961 12.750113 13.035563 11.110251
1336 57.991415 57.551975 58.812238 59.261300 9.184938 11.110251 11.353541 9.386068
1337 57.551975 57.112535 58.363175 58.812238 11.110251 13.035563 13.321014 11.353541
1338 49.608699 49.226995 50.468012 50.859338 11.322862 12.995214 13.322824 11.608312
1339 49.226995 48.845292 50.076686 50.468012 12.995214 14.667566 15.037336 13.322824
1340 50.859338 50.468012 51.709028 52.109977 11.608312 13.322824 13.650435 11.893762
1341 50.468012 50.076686 51.308079 51.709028 13.322824 15.037336 15.407107 13.650435
1342 52.109977 51.709028 52.950045 53.360617 11.893762 13.650435 13.978045 12.179213
1343 51.709028 51.308079 52.539473 52.950045 13.650435 15.407107 15.776877 13.978045
1344 53.360617 52.950045 54.191062 54.611256 12.179213 13.978045 14.305655 12.464663
1345 52.950045 52.539473 53.770867 54.191062 13.978045 15.776877 16.146648 14.305655
1346 54.611256 54.191062 55.432078 55.861896 12.464663 14.305655 14.633266 12.750113
1347 54.191062 53.770867 55.002261 55.432078 14.305655 16.146648 16.516419 14.633266
1348 55.861896 55.432078 56.673095 57.112535 12.750113 14.633266 14.960876 13.035563
1349 55.432078 55.002261 56.233655 56.673095 14.633266 16.516419 16.886189 14.960876
1350 57.112535 56.673095 57.914112 58.363175 13.035563 14.960876 15.288487 13.321014
1351 56.673095 56.233655 57.465049 57.914112 14.960876 16.886189 17.255960 15.288487
1352 48.620408 47.993717 49.203642 49.846132 15.396621 16.993404 17.421809 15.784771
1353 47.993717 47.367025 48.561152 49.203642 16.993404 18.590188 19.058848 17.421809
1354 49.846132 49.203642 50.413568 51.071857 15.784771 17.421809 17.850215 16.172921
1355 49.203642 48.561152 49.755279 50.413568 17.421809 19.058848 19.527508 17.850215
1356 51.071857 50.413568 51.623494 52.297582 16.172921 17.850215 18.278620 16.561071
1357 50.413568 49.755279 50.949405 51.623494 17.850215 19.527508 19.996168 18.278620
1358 52.297582 51.623494 52.833419 53.523306 16.561071 18.278620 18.707025 16.949221
1359 51.623494 50.949405 52.143532 52.833419 18.278620 19.996168 20.464828 18.707025
1360 53.523306 52.833419 54.043345 54.749031 16.949221 18.707025 19.135430 17.337372
1361 52.833419 52.143532 53.337659 54.043345 18.707025 20.464828 20.933488 19.135430
1362 54.749031 54.043345 55.253270 55.974755 17.337372 19.135430 19.563835 17.725522
1363 54.043345 53.337659 54.531786 55.253270 19.135430 20.933488 21.402149 19.563835
1364 55.974755 55.253270 56.463196 57.200480 17.725522 19.563835 19.992240 18.113672
1365 55.253270 54.531786 55.725912 56.463196 19.563835 21.402149 21.870809 19.992240
1366 47.367025 46.740334 47.918662 48.561152 18.590188 20.186971 20.695886 19.058848
1367 46.740334 46.113643 47.276172 47.918662 20.186971 21.783754 22.332924 20.695886
1368 48.561152 47.918662 49.096990 49.755279 19.058848 20.695886 21.204801 19.527508
1369 47.918662 47.276172 48.438700 49.096990 20.695886 22.332924 22.882095 21.204801
1370 49.755279 49.096990 50.275317 50.949405 19.527508 21.204801 21.713716 19.996168
1371 49.096990 48.438700 49.601229 50.275317 21.204801 22.882095 23.431265 21.713716
1372 50.949405 50.275317 51.453645 52.143532 19.996168 21.713716 22.222632 20.464828
1373 50.275317 49.601229 50.763758 51.453645 21.713716 23.431265 23.980435 22.222632
1374 52.143532 51.453645 52.631973 53.337659 20.464828 22.222632 22.731547 20.933488
1375 51.453645 50.763758 51.926287 52.631973 22.222632 23.980435 24.529605 22.731547
1376 53.337659 52.631973 53.810301 54.531786 20.933488 22.731547 23.240462 21.402149
1377 52.631973 51.926287 53.088816 53.810301 22.731547 24.529605 25.078776 23.240462
1378 54.531786 53.810301 54.988628 55.725912 21.402149 23.240462 23.749377 21.870809
1379 53.810301 53.088816 54.251345 54.988628 23.240462 25.078776 25.627946 23.749377
1380 45.782611 44.924931 46.057492 46.936794 22.471149 23.956694 24.560645 23.037649
1381 44.924931 44.067251 45.178190 46.057492 23.956694 25.442239 26.083640 24.560645
1382 46.936794 46.057492 47.190054 48.090978 23.037649 24.560645 25.164595 23.604148
1383 46.057492 45.178190 46.289129 47.190054 24.560645 26.083640 26.725041 25.164595
1384 48.090978 47.190054 48.322615 49.245161 23.604148 25.164595 25.768545 24.170648
1385 47.190054 46.289129 47.400068 48.322615 25.164595 26.725041 27.366442 25.768545
1386 49.245161 48.322615 49.455176 50.399345 24.170648 25.768545 26.372495 24.737148
1387 48.322615 47.400068 48.511008 49.455176 25.768545 27.366442 28.007843 26.372495
1388 50.399345 49.455176 50.587737 51.553528 24.737148 26.372495 26.976446 25.303647
1389 49.455176 48.511008 49.621947 50.587737 26.372495 28.007843 28.649244 26.976446
1390 51.553528 50.587737 51.720299 52.707712 25.303647 26.976446 27.580396 25.870147
1391 50.587737 49.621947 50.732886 51.720299 26.976446 28.649244 29.290645 27.580396
1392 52.707712 51.720299 52.852860 53.861895 25.870147 27.580396 28.184346 26.436646
1393 51.720299 50.732886 51.843825 52.852860 27.580396 29.290645 29.932046 28.184346
1394 44.067251 43.209571 44.298888 45.178190 25.442239 26.927784 27.606636 26.083640
1395 43.209571 42.351892 43.419586 44.298888 26.927784 28.413329 29.129632 27.606636
1396 45.178190 44.298888 45.388205 46.289129 26.083640 27.606636 28.285488 26.725041
1397 44.298888 43.419586 44.487281 45.388205 27.606636 29.129632 29.845934 28.285488
1398 46.289129 45.388205 46.477522 47.400068 26.725041 28.285488 28.964339 27.366442
1399 45.388205 44.487281 45.554976 46.477522 28.285488 29.845934 30.562237 28.964339
1400 47.400068 46.477522 47.566839 48.511008 27.366442 28.964339 29.643191 28.007843
1401 46.477522 45.554976 46.622670 47.566839 28.964339 30.562237 31.278539 29.643191
1402 48.511008 47.566839 48.656156 49.621947 28.007843 29.643191 30.322043 28.649244
1403 47.566839 46.622670 47.690365 48.656156 29.643191 31.278539 31.994841 30.322043
1404 49.621947 48.656156 49.745473 50.732886 28.649244 30.322043 31.000895 29.290645
1405 48.656156 47.690365 48.758060 49.745473 30.322043 31.994841 32.711144 31.000895
1406 50.732886 49.745473 50.834790 51.843825 29.290645 31.000895 31.679746 29.932046
1407 49.745473 48.758060 49.825755 50.834790 31.000895 32.711144 33.427446 31.679746
1408 41.922106 40.852597 41.882494 42.978966 29.043709 30.384831 31.150835 29.775903
1409 40.852597 39.783087 40.786022 41.882494 30.384831 31.725953 32.525767 31.150835
1410 42.978966 41.882494 42.912391 44.035825 29.775903 31.150835 31.916840 30.508098
1411 41.882494 40.786022 41.788957 42.912391 31.150835 32.525767 33.325581 31.916840
1412 44.035825 42.912391 43.942289 45.092685 30.508098 31.916840 32.682844 31.240292
1413 42.912391 41.788957 42.791892 43.942289 31.916840 33.325581 34.125395 32.682844
1414 45.092685 43.942289 44.972186 46.149545 31.240292 32.682844 33.448848 31.972487
1415 43.942289 42.791892 43.794827 44.972186 32.682844 34.125395 34.925209 33.448848
1416 46.149545 44.972186 46.002084 47.206405 31.972487 33.448848 34.214852 32.704681
1417 44.972186 43.794827 44.797762 46.002084 33.448848 34.925209 35.725023 34.214852
1418 47.206405 46.002084 47.031981 48.263265 32.704681 34.214852 34.980856 33.436875
1419 46.002084 44.797762 45.800697 47.031981 34.214852 35.725023 36.524837 34.980856
1420 48.263265 47.031981 48.061878 49.320125 33.436875 34.980856 35.746860 34.169070
1421 47.031981 45.800697 46.803632 48.061878 34.980856 36.524837 37.324651 35.746860
1422 39.783087 38.713578 39.689551 40.786022 31.725953 33.067076 33.900699 32.525767
1423 38.713578 37.644069 38.593079 39.689551 33.067076 34.408198 35.275631 33.900699
1424 40.786022 39.689551 40.665523 41.788957 32.525767 33.900699 34.734323 33.325581
1425 39.689551 38.593079 39.542089 40.665523 33.900699 35.275631 36.143065 34.734323
1426 41.788957 40.665523 41.641496 42.791892 33.325581 34.734323 35.567947 34.125395
1427 40.665523 39.542089 40.491099 41.641496 34.734323 36.143065 37.010499 35.567947
1428 42.791892 41.641496 42.617468 43.794827 34.125395 35.567947 36.401571 34.925209
1429 41.641496 40.491099 41.440109 42.617468 35.567947 37.010499 37.877932 36.401571
1430 43.794827 42.617468 43.593441 44.797762 34.925209 36.401571 37.235194 35.725023
1431 42.617468 41.440109 42.389120 43.593441 36.401571 37.877932 38.745366 37.235194
1432 44.797762 43.593441 44.569413 45.800697 35.725023 37.235194 38.068818 36.524837
1433 43.593441 42.389120 43.338130 44.569413 37.235194 38.745366 39.612799 38.068818
1434 45.800697 44.569413 45.545386 46.803632 36.524837 38.068818 38.902442 37.324651
1435 44.569413 43.338130 44.287140 45.545386 38.068818 39.612799 40.480233 38.902442
1436 37.125130 35.867683 36.771910 38.061058 34.967481 36.134221 37.045168 35.849014
1437 35.867683 34.610235 35.482762 36.771910 36.134221 37.300962 38.241323 37.045168
1438 38.061058 36.771910 37.676137 38.996986 35.849014 37.045168 37.956115 36.730547
1439 36.771910 35.482762 36.355289 37.676137 37.045168 38.241323 39.181683 37.956115
1440 38.996986 37.676137 38.580365 39.932913 36.730547 37.956115 38.867062 37.612080
1441 37.676137 36.355289 37.227816 38.580365 37.956115 39.181683 40.122043 38.867062
1442 39.932913 38.580365 39.484592 40.868841 37.612080 38.867062 39.778008 38.493613
1443 38.580365 37.227816 38.100343 39.484592 38.867062 40.122043 41.062404 39.778008
1444 40.868841 39.484592 40.388819 41.804769 38.493613 39.778008 40.688955 39.375146
1445 39.484592 38.100343 38.972870 40.388819 39.778008 41.062404 42.002764 40.688955
1446 41.804769 40.388819 41.293047 42.740696 39.375146 40.688955 41.599902 40.256679
1447 40.388819 38.972870 39.845397 41.293047 40.688955 42.002764 42.943125 41.599902
1448 42.740696 41.293047 42.197274 43.676624 40.256679 41.599902 42.510849 41.138212
1449 41.293047 39.845397 40.717924 42.197274 41.599902 42.943125 43.883485 42.510849
1450 34.610235 33.352788 34.193614 35.482762 37.300962 38.467703 39.437477 38.241323
1451 33.352788 32.095340 32.904466 34.193614 38.467703 39.634444 40.633632 39.437477
1452 35.482762 34.193614 35.034441 36.355289 38.241323 39.437477 40.407251 39.181683
1453 34.193614 32.904466 33.713592 35.034441 39.437477 40.633632 41.632819 40.407251
1454 36.355289 35.034441 35.875267 37.227816 39.181683 40.407251 41.377025 40.122043
1455 35.034441 33.713592 34.522719 35.875267 40.407251 41.632819 42.632007 41.377025
1456 37.227816 35.875267 36.716094 38.100343 40.122043 41.377025 42.346799 41.062404
1457 35.875267 34.522719 35.331845 36.716094 41.377025 42.632007 43.631195 42.346799
1458 38.100343 36.716094 37.556920 38.972870 41.062404 42.346799 43.316573 42.002764
1459 36.716094 35.331845 36.140971 37.556920 42.346799 43.631195 44.630382 43.316573
1460 38.972870 37.556920 38.397747 39.845397 42.002764 43.316573 44.286347 42.943125
1461 37.556920 36.140971 36.950097 38.397747 43.316573 44.630382 45.629570 44.286347
1462 39.845397 38.397747 39.238574 40.717924 42.943125 44.286347 45.256121 43.883485
1463 38.397747 36.950097 37.759223 39.238574 44.286347 45.629570 46.628758 45.256121
1464 31.498841 30.081544 30.839902 32.292929 40.110136 41.076433 42.111973 41.121316
1465 30.081544 28.664247 29.386876 30.839902 41.076433 42.042729 43.102630 42.111973
1466 32.292929 30.839902 31.598261 33.087018 41.121316 42.111973 43.147513 42.132496
1467 30.839902 29.386876 30.109504 31.598261 42.111973 43.102630 44.162531 43.147513
1468 33.087018 31.598261 32.356619 33.881106 42.132496 43.147513 44.183054 43.143676
1469 31.598261 30.109504 30.832132 32.356619 43.147513 44.162531 45.222431 44.183054
1470 33.881106 32.356619 33.114977 34.675194 43.143676 44.183054 45.218594 44.154856
1471 32.356619 30.832132 31.554760 33.114977 44.183054 45.222431 46.282332 45.218594
1472 34.675194 33.114977 33.873335 35.469283 44.154856 45.218594 46.254134 45.166036
1473 33.114977 31.554760 32.277388 33.873335 45.218594 46.282332 47.342233 46.254134
1474 35.469283 33.873335 34.631694 36.263371 45.166036 46.254134 47.289675 46.177216
1475 33.873335 32.277388 33.000016 34.631694 46.254134 47.342233 48.402134 47.289675
1476 36.263371 34.631694 35.390052 37.057460 46.177216 47.289675 48.325215 47.188396
1477 34.631694 33.000016 33.722644 35.390052 47.289675 48.402134 49.462034 48.325215
1478 28.664247 27.246951 27.933849 29.386876 42.042729 43.009026 44.093287 43.102630
1479 27.246951 25.829654 26.480822 27.933849 43.009026 43.975322 45.083944 44.093287
1480 29.386876 27.933849 28.620747 30.109504 43.102630 44.093287 45.177548 44.162531
1481 27.933849 26.480822 27.131990 28.620747 44.093287 45.083944 46.192565 45.177548
1482 30.109504 28.620747 29.307645 30.832132 44.162531 45.177548 46.261809 45.222431
1483 28.620747 27.131990 27.783157 29.307645 45.177548 46.192565 47.301187 46.261809
1484 30.832132 29.307645 29.994542 31.554760 45.222431 46.261809 47.346070 46.282332
1485 29.307645 27.783157 28.434325 29.994542 46.261809 47.301187 48.409809 47.346070
1486 31.554760 29.994542 30.681440 32.277388 46.282332 47.346070 48.430332 47.342233
1487 29.994542 28.434325 29.085493 30.681440 47.346070 48.409809 49.518430 48.430332
1488 32.277388 30.681440 31.368338 33.000016 47.342233 48.430332 49.514593 48.402134
1489 30.681440 29.085493 29.736661 31.368338 48.430332 49.518430 50.627052 49.514593
1490 33.000016 31.368338 32.055236 33.722644 48.402134 49.514593 50.598854 49.462034
1491 31.368338 29.736661 30.387828 32.055236 49.514593 50.627052 51.735673 50.598854
1492 25.168919 23.623433 24.218982 25.803430 44.356798 45.101064 46.238066 45.475036
1493 23.623433 22.077948 22.634535 24.218982 45.101064 45.845331 47.001096 46.238066
1494 25.803430 24.218982 24.814531 26.437940 45.475036 46.238066 47.375068 46.593275
1495 24.218982 22.634535 23.191122 24.814531 46.238066 47.001096 48.156860 47.375068
1496 26.437940 24.814531 25.410080 27.072451 46.593275 47.375068 48.512069 47.711514
1497 24.814531 23.191122 23.747709 25.410080 47.375068 48.156860 49.312625 48.512069
1498 27.072451 25.410080 26.005628 27.706961 47.711514 48.512069 49.649071 48.829752
1499 25.410080 23.747709 24.304296 26.005628 48.512069 49.312625 50.468390 49.649071
1500 27.706961 26.005628 26.601177 28.341472 48.829752 49.649071 50.786073 49.947991
1501 26.005628 24.304296 24.860882 26.601177 49.649071 50.468390 51.624154 50.786073
1502 28.341472 26.601177 27.196726 28.975983 49.947991 50.786073 51.923074 51.066229
1503 26.601177 24.860882 25.417469 27.196726 50.786073 51.624154 52.779919 51.923074
1504 28.975983 27.196726 27.792275 29.610493 51.066229 51.923074 53.060076 52.184468
1505 27.196726 25.417469 25.974056 27.792275 51.923074 52.779919 53.935684 53.060076
1506 22.077948 20.532462 21.050087 22.634535 45.845331 46.589598 47.764125 47.001096
1507 20.532462 18.986977 19.465640 21.050087 46.589598 47.333864 48.527155 47.764125
1508 22.634535 21.050087 21.567712 23.191122 47.001096 47.764125 48.938653 48.156860
1509 21.050087 19.465640 19.944303 21.567712 47.764125 48.527155 49.720446 48.938653
1510 23.191122 21.567712 22.085338 23.747709 48.156860 48.938653 50.113181 49.312625
1511 21.567712 19.944303 20.422966 22.085338 48.938653 49.720446 50.913737 50.113181
1512 23.747709 22.085338 22.602963 24.304296 49.312625 50.113181 51.287708 50.468390
1513 22.085338 20.422966 20.901630 22.602963 50.113181 50.913737 52.107027 51.287708
1514 24.304296 22.602963 23.120588 24.860882 50.468390 51.287708 52.462236 51.624154
1515 22.602963 20.901630 21.380293 23.120588 51.287708 52.107027 53.300318 52.462236
1516 24.860882 23.120588 23.638213 25.417469 51.624154 52.462236 53.636764 52.779919
1517 23.120588 21.380293 21.858956 23.638213 52.462236 53.300318 54.493609 53.636764
1518 25.417469 23.638213 24.155838 25.974056 52.779919 53.636764 54.811291 53.935684
1519 23.638213 21.858956 22.337620 24.155838 53.636764 54.493609 55.686899 54.811291
1520 18.276765 16.637614 17.057050 18.737524 47.612602 48.118213 49.331277 48.812919
1521 16.637614 14.998463 15.376576 17.057050 48.118213 48.623824 49.849635 49.331277
1522 18.737524 17.057050 17.476486 19.198283 48.812919 49.331277 50.544341 50.013237
1523 17.057050 15.376576 15.754688 17.476486 49.331277 49.849635 51.075445 50.544341
1524 19.198283 17.476486 17.895921 19.659042 50.013237 50.544341 51.757405 51.213555
1525 17.476486 15.754688 16.132801 17.895921 50.544341 51.075445 52.301256 51.757405
1526 19.659042 17.895921 18.315357 20.119801 51.213555 51.757405 52.970470 52.413873
1527 17.895921 16.132801 16.510913 18.315357 51.757405 52.301256 53.527067 52.970470
1528 20.119801 18.315357 18.734793 20.580559 52.413873 52.970470 54.183534 53.614190
1529 18.315357 16.510913 16.889026 18.734793 52.970470 53.527067 54.752877 54.183534
1530 20.580559 18.734793 19.154228 21.041318 53.614190 54.183534 55.396598 54.814508
1531 18.734793 16.889026 17.267139 19.154228 54.183534 54.752877 55.978688 55.396598
1532 21.041318 19.154228 19.573664 21.502077 54.814508 55.396598 56.609662 56.014826
1533 19.154228 17.267139 17.645251 19.573664 55.396598 55.978688 57.204499 56.609662
1534 14.998463 13.359312 13.696102 15.376576 48.623824 49.129435 50.367992 49.849635
1535 13.359312 11.720161 12.015628 13.696102 49.129435 49.635046 50.886350 50.367992
1536 15.376576 13.696102 14.032891 15.754688 49.849635 50.367992 51.606550 51.075445
1537 13.696102 12.015628 12.311094 14.032891 50.367992 50.886350 52.137654 51.606550
1538 15.754688 14.032891 14.369681 16.132801 51.075445 51.606550 52.845107 52.301256
1539 14.032891 12.311094 12.606560 14.369681 51.606550 52.137654 53.388957 52.845107
1540 16.132801 14.369681 14.706470 16.510913 52.301256 52.845107 54.083664 53.527067
1541 14.369681 12.606560 12.902026 14.706470 52.845107 53.388957 54.640261 54.083664
1542 16.510913 14.706470 15.043259 16.889026 53.527067 54.083664 55.322221 54.752877
1543 14.706470 12.902026 13.197493 15.043259 54.083664 54.640261 55.891565 55.322221
1544 16.889026 15.043259 15.380049 17.267139 54.752877 55.322221 56.560778 55.978688
1545 15.043259 13.197493 13.492959 15.380049 55.322221 55.891565 57.142868 56.560778
1546 17.267139 15.380049 15.716838 17.645251 55.978688 56.560778 57.799335 57.204499
1547 15.380049 13.492959 13.788425 15.716838 56.560778 57.142868 58.394172 57.799335
1548 10.976339 9.280139 9.514092 11.253053 49.804819 50.060480 51.322509 51.060403
1549 9.280139 7.583938 7.775130 9.514092 50.060480 50.316141 51.584615 51.322509
1550 11.253053 9.514092 9.748045 11.529768 51.060403 51.322509 52.584538 52.315986
1551 9.514092 7.775130 7.966321 9.748045 51.322509 51.584615 52.853089 52.584538
1552 11.529768 9.748045 9.981998 11.806482 52.315986 52.584538 53.846567 53.571570
1553 9.748045 7.966321 8.157513 9.981998 52.584538 52.853089 54.121563 53.846567
1554 11.806482 9.981998 10.215951 12.083197 53.571570 53.846567 55.108596 54.827154
1555 9.981998 8.157513 8.348705 10.215951 53.846567 54.121563 55.390038 55.108596
1556 12.083197 10.215951 10.449904 12.359911 54.827154 55.108596 56.370624 56.082737
1557 10.215951 8.348705 8.539897 10.449904 55.108596 55.390038 56.658512 56.370624
1558 12.359911 10.449904 10.683857 12.636626 56.082737 56.370624 57.632653 57.338321
1559 10.449904 8.539897 8.731088 10.683857 56.370624 56.658512 57.926986 57.632653
1560 12.636626 10.683857 10.917810 12.913340 57.338321 57.632653 58.894682 58.593905
1561 10.683857 8.731088 8.922280 10.917810 57.632653 57.926986 59.195460 58.894682
1562 7.583938 5.887738 6.036168 7.775130 50.316141 50.571802 51.846722 51.584615
1563 5.887738 4.191537 4.297206 6.036168 50.571802 50.827463 52.108828 51.846722
1564 7.775130 6.036168 6.184598 7.966321 51.584615 51.846722 53.121641 52.853089
1565 6.036168 4.297206 4.402875 6.184598 51.846722 52.108828 53.390192 53.121641
1566 7.966321 6.184598 6.333029 8.157513 52.853089 53.121641 54.396560 54.121563
1567 6.184598 4.402875 4.508544 6.333029 53.121641 53.390192 54.671557 54.396560
1568 8.157513 6.333029 6.481459 8.348705 54.121563 54.396560 55.671480 55.390038
1569 6.333029 4.508544 4.614213 6.481459 54.396560 54.671557 55.952922 55.671480
1570 8.348705 6.481459 6.629889 8.539897 55.390038 55.671480 56.946399 56.658512
1571 6.481459 4.614213 4.719882 6.629889 55.671480 55.952922 57.234286 56.946399
1572 8.539897 6.629889 6.778320 8.731088 56.658512 56.946399 58.221318 57.926986
1573 6.629889 4.719882 4.825551 6.778320 56.946399 57.234286 58.515651 58.221318
1574 8.731088 6.778320 6.926750 8.922280 57.926986 58.221318 59.496238 59.195460
1575 6.778320 4.825551 4.931220 6.926750 58.221318 58.515651 59.797016 59.496238
1576 3.430719 1.715360 1.758604 3.517208 50.884479 50.884479 52.167281 52.167281
1577 1.715360 0.000000 0.000000 1.758604 50.884479 50.884479 52.167281 52.167281
1578 3.517208 1.758604 1.801848 3.603697 52.167281 52.167281 53.450083 53.450083
1579 1.758604 0.000000 0.000000 1.801848 52.167281 52.167281 53.450083 53.450083
1580 3.603697 1.801848 1.845093 3.690185 53.450083 53.450083 54.732885 54.732885
1581 1.801848 0.000000 0.000000 1.845093 53.450083 53.450083 54.732885 54.732885
1582 3.690185 1.845093 1.888337 3.776674 54.732885 54.732885 56.015687 56.015687
1583 1.845093 0.000000 0.000000 1.888337 54.732885 54.732885 56.015687 56.015687
1584 3.776674 1.888337 1.931581 3.863163 56.015687 56.015687 57.298489 57.298489
1585 1.888337 0.000000 0.000000 1.931581 56.015687 56.015687 57.298489 57.298489
1586 3.863163 1.931581 1.974826 3.949652 57.298489 57.298489 58.581291 58.581291
1587 1.931581 0.000000 0.000000 1.974826 57.298489 57.298489 58.581291 58.581291
1588 3.949652 1.974826 2.018070 4.036140 58.581291 58.581291 59.864093 59.864093
1589 1.974826 0.000000 0.000000 2.018070 58.581291 58.581291 59.864093 59.864093
1590 0.000000 -1.715360 -1.758604 0.000000 50.884479 50.884479 52.167281 52.167281
1591 -1.715360 -3.430719 -3.517208 -1.758604 50.884479 50.884479 52.167281 52.167281
1592 0.000000 -1.758604 -1.801848 0.000000 52.167281 52.167281 53.450083 53.450083
1593 -1.758604 -3.517208 -3.603697 -1.801848 52.167281 52.167281 53.450083 53.450083
1594 0.000000 -1.801848 -1.845093 0.000000 53.450083 53.450083 54.732885 54.732885
1595 -1.801848 -3.603697 -3.690185 -1.845093 53.450083 53.450083 54.732885 54.732885
1596 0.000000 -1.845093 -1.888337 0.000000 54.732885 54.732885 56.015687 56.015687
1597 -1.845093 -3.690185 -3.776674 -1.888337 54.732885 54.732885 56.015687 56.015687
1598 0.000000 -1.888337 -1.931581 0.000000 56.015687 56.015687 57.298489 57.298489
1599 -1.888337 -3.776674 -3.863163 -1.931581 56.015687 56.015687 57.298489 57.298489
1600 0.000000 -1.931581 -1.974826 0.000000 57.298489 57.298489 58.581291 58.581291
1601 -1.931581 -3.863163 -3.949652 -1.974826 57.298489 57.298489 58.581291 58.581291
1602 0.000000 -1.974826 -2.018070 0.000000 58.581291 58.581291 59.864093 59.864093
1603 -1.974826 -3.949652 -4.036140 -2.018070 58.581291 58.581291 59.864093 59.864093
1604 -4.191537 -5.887738 -6.036168 -4.297206 50.827463 50.571802 51.846722 52.108828
1605 -5.887738 -7.583938 -7.775130 -6.036168 50.571802 50.316141 51.584615 51.846722
1606 -4.297206 -6.036168 -6.184598 -4.402875 52.108828 51.846722 53.121641 53.390192
1607 -6.036168 -7.775130 -7.966321 -6.184598 51.846722 51.584615 52.853089 53.121641
1608 -4.402875 -6.184598 -6.333029 -4.508544 53.390192 53.121641 54.396560 54.671557
1609 -6.184598 -7.966321 -8.157513 -6.333029 53.121641 52.853089 54.121563 54.396560
1610 -4.508544 -6.333029 -6.481459 -4.614213 54.671557 54.396560 55.671480 55.952922
1611 -6.333029 -8.157513 -8.348705 -6.481459 54.396560 54.121563 55.390038 55.671480
1612 -4.614213 -6.481459 -6.629889 -4.719882 55.952922 55.671480 56.946399 57.234286
1613 -6.481459 -8.348705 -8.539897 -6.629889 55.671480 55.390038 56.658512 56.946399
1614 -4.719882 -6.629889 -6.778320 -4.825551 57.234286 56.946399 58.221318 58.515651
1615 -6.629889 -8.539897 -8.731088 -6.778320 56.946399 56.658512 57.926986 58.221318
1616 -4.825551 -6.778320 -6.926750 -4.931220 58.515651 58.221318 59.496238 59.797016
1617 -6.778320 -8.731088 -8.922280 -6.926750 58.221318 57.926986 59.195460 59.496238
1618 -7.583938 -9.280139 -9.514092 -7.775130 50.316141 50.060480 51.322509 51.584615
1619 -9.280139 -10.976339 -11.253053 -9.514092 50.060480 49.804819 51.060403 51.322509
1620 -7.775130 -9.514092 -9.748045 -7.966321 51.584615 51.322509 52.584538 52.853089
1621 -9.514092 -11.253053 -11.529768 -9.748045 51.322509 51.060403 52.315986 52.584538
1622 -7.966321 -9.748045 -9.981998 -8.157513 52.853089 52.584538 53.846567 54.121563
1623 -9.748045 -11.529768 -11.806482 -9.981998 52.584538 52.315986 53.571570 53.846567
1624 -8.157513 -9.981998 -10.215951 -8.348705 54.121563 53.846567 55.108596 55.390038
1625 -9.981998 -11.806482 -12.083197 -10.215951 53.846567 53.571570 54.827154 55.108596
1626 -8.348705 -10.215951 -10.449904 -8.539897 55.390038 55.108596 56.370624 56.658512
1627 -10.215951 -12.083197 -12.359911 -10.449904 55.108596 54.827154 56.082737 56.370624
1628 -8.539897 -10.449904 -10.683857 -8.731088 56.658512 56.370624 57.632653 57.926986
1629 -10.449904 -12.359911 -12.636626 -10.683857 56.370624 56.082737 57.338321 57.632653
1630 -8.731088 -10.683857 -10.917810 -8.922280 57.926986 57.632653 58.894682 59.195460
1631 -10.683857 -12.636626 -12.913340 -10.917810 57.632653 57.338321 58.593905 58.894682
1632 -11.720161 -13.359312 -13.696102 -12.015628 49.635046 49.129435 50.367992 50.886350
1633 -13.359312 -14.998463 -15.376576 -13.696102 49.129435 48.623824 49.849635 50.367992
1634 -12.015628 -13.696102 -14.032891 -12.311094 50.886350 50.367992 51.606550 52.137654
1635 -13.696102 -15.376576 -15.754688 -14.032891 50.367992 49.849635 51.075445 51.606550
1636 -12.311094 -14.032891 -14.369681 -12.606560 52.137654 51.606550 52.845107 53.388957
1637 -14.032891 -15.754688 -16.132801 -14.369681 51.606550 51.075445 52.301256 52.845107
1638 -12.606560 -14.369681 -14.706470 -12.902026 53.388957 52.845107 54.083664 54.640261
1639 -14.369681 -16.132801 -16.510913 -14.706470 52.845107 52.301256 53.527067 54.083664
1640 -12.902026 -14.706470 -15.043259 -13.197493 54.640261 54.083664 55.322221 55.891565
1641 -14.706470 -16.510913 -16.889026 -15.043259 54.083664 53.527067 54.752877 55.322221
1642 -13.197493 -15.043259 -15.380049 -13.492959 55.891565 55.322221 56.560778 57.142868
1643 -15.043259 -16.889026 -17.267139 -15.380049 55.322221 54.752877 55.978688 56.560778
1644 -13.492959 -15.380049 -15.716838 -13.788425 57.142868 56.560778 57.799335 58.394172
1645 -15.380049 -17.267139 -17.645251 -15.716838 56.560778 55.978688 57.204499 57.799335
1646 -14.998463 -16.637614 -17.057050 -15.376576 48.623824 48.118213 49.331277 49.849635
1647 -16.637614 -18.276765 -18.737524 -17.057050 48.118213 47.612602 48.812919 49.331277
1648 -15.376576 -17.057050 -17.476486 -15.754688 49.849635 49.331277 50.544341 51.075445
1649 -17.057050 -18.737524 -19.198283 -17.476486 49.331277 48.812919 50.013237 50.544341
1650 -15.754688 -17.476486 -17.895921 -16.132801 51.075445 50.544341 51.757405 52.301256
1651 -17.476486 -19.198283 -19.659042 -17.895921 50.544341 50.013237 51.213555 51.757405
1652 -16.132801 -17.895921 -18.315357 -16.510913 52.301256 51.757405 52.970470 53.527067
1653 -17.895921 -19.659042 -20.119801 -18.315357 51.757405 51.213555 52.413873 52.970470
1654 -16.510913 -18.315357 -18.734793 -16.889026 53.527067 52.970470 54.183534 54.752877
1655 -18.315357 -20.119801 -20.580559 -18.734793 52.970470 52.413873 53.614190 54.183534
1656 -16.889026 -18.734793 -19.154228 -17.267139 54.752877 54.183534 55.396598 55.978688
1657 -18.734793 -20.580559 -21.041318 -19.154228 54.183534 53.614190 54.814508 55.396598
1658 -17.267139 -19.154228 -19.573664 -17.645251 55.978688 55.396598 56.609662 57.204499
1659 -19.154228 -21.041318 -21.502077 -19.573664 55.396598 54.814508 56.014826 56.609662
1660 -18.986977 -20.532462 -21.050087 -19.465640 47.333864 46.589598 47.764125 48.527155
1661 -20.532462 -22.077948 -22.634535 -21.050087 46.589598 45.845331 47.001096 47.764125
1662 -19.465640 -21.050087 -21.567712 -19.944303 48.527155 47.764125 48.938653 49.720446
1663 -21.050087 -22.634535 -23.191122 -21.567712 47.764125 47.001096 48.156860 48.938653
1664 -19.944303 -21.567712 -22.085338 -20.422966 49.720446 48.938653 50.113181 50.913737
1665 -21.567712 -23.191122 -23.747709 -22.085338 48.938653 48.156860 49.312625 50.113181
1666 -20.422966 -22.085338 -22.602963 -20.901630 50.913737 50.113181 51.287708 52.107027
1667 -22.085338 -23.747709 -24.304296 -22.602963 50.113181 49.312625 50.468390 51.287708
1668 -20.901630 -22.602963 -23.120588 -21.380293 52.107027 51.287708 52.462236 53.300318
1669 -22.602963 -24.304296 -24.860882 -23.120588 51.287708 50.468390 51.624154 52.462236
1670 -21.380293 -23.120588 -23.638213 -21.858956 53.300318 52.462236 53.636764 54.493609
1671 -23.120588 -24.860882 -25.417469 -23.638213 52.462236 51.624154 52.779919 53.636764
1672 -21.858956 -23.638213 -24.155838 -22.337620 54.493609 53.636764 54.811291 55.686899
1673 -23.638213 -25.417469 -25.974056 -24.155838 53.636764 52.779919 53.935684 54.811291
1674 -22.077948 -23.623433 -24.218982 -22.634535 45.845331 45.101064 46.238066 47.001096
1675 -23.623433 -25.168919 -25.803430 -24.218982 45.101064 44.356798 45.475036 46.238066
1676 -22.634535 -24.218982 -24.814531 -23.191122 47.001096 46.238066 47.375068 48.156860
1677 -24.218982 -25.803430 -26.437940 -24.814531 46.238066 45.475036 46.593275 47.375068
1678 -23.191122 -24.814531 -25.410080 -23.747709 48.156860 47.375068 48.512069 49.312625
1679 -24.814531 -26.437940 -27.072451 -25.410080 47.375068 46.593275 47.711514 48.512069
1680 -23.747709 -25.410080 -26.005628 -24.304296 49.312625 48.512069 49.649071 50.468390
1681 -25.410080 -27.072451 -27.706961 -26.005628 48.512069 47.711514 48.829752 49.649071
1682 -24.304296 -26.005628 -26.601177 -24.860882 50.468390 49.649071 50.786073 51.624154
1683 -26.005628 -27.706961 -28.341472 -26.601177 49.649071 48.829752 49.947991 50.786073
1684 -24.860882 -26.601177 -27.196726 -25.417469 51.624154 50.786073 51.923074 52.779919
1685 -26.601177 -28.341472 -28.975983 -27.196726 50.786073 49.947991 51.066229 51.923074
1686 -25.417469 -27.196726 -27.792275 -25.974056 52.779919 51.923074 53.060076 53.935684
1687 -27.196726 -28.975983 -29.610493 -27.792275 51.923074 51.066229 52.184468 53.060076
1688 -25.829654 -27.246951 -27.933849 -26.480822 43.975322 43.009026 44.093287 45.083944
1689 -27.246951 -28.664247 -29.386876 -27.933849 43.009026 42.042729 43.102630 44.093287
1690 -26.480822 -27.933849 -28.620747 -27.131990 45.083944 44.093287 45.177548 46.192565
1691 -27.933849 -29.386876 -30.109504 -28.620747 44.093287 43.102630 44.162531 45.177548
1692 -27.131990 -28.620747 -29.307645 -27.783157 46.192565 45.177548 46.261809 47.301187
1693 -28.620747 -30.109504 -30.832132 -29.307645 45.177548 44.162531 45.222431 46.261809
1694 -27.783157 -29.307645 -29.994542 -28.434325 47.301187 46.261809 47.346070 48.409809
1695 -29.307645 -30.832132 -31.554760 -29.994542 46.261809 45.222431 46.282332 47.346070
1696 -28.434325 -29.994542 -30.681440 -29.085493 48.409809 47.346070 48.430332 49.518430
1697 -29.994542 -31.554760 -32.277388 -30.681440 47.346070 46.282332 47.342233 48.430332
1698 -29.085493 -30.681440 -31.368338 -29.736661 49.518430 48.430332 49.514593 50.627052
1699 -30.681440 -32.277388 -33.000016 -31.368338 48.430332 47.342233 48.402134 49.514593
1700 -29.736661 -31.368338 -32.055236 -30.387828 50.627052 49.514593 50.598854 51.735673
1701 -31.368338 -33.000016 -33.722644 -32.055236 49.514593 48.402134 49.462034 50.598854
1702 -28.664247 -30.081544 -30.839902 -29.386876 42.042729 41.076433 42.111973 43.102630
1703 -30.081544 -31.498841 -32.292929 -30.839902 41.076433 40.110136 41.121316 42.111973
1704 -29.386876 -30.839902 -31.598261 -30.109504 43.102630 42.111973 43.147513 44.162531
1705 -30.839902 -32.292929 -33.087018 -31.598261 42.111973 41.121316 42.132496 43.147513
1706 -30.109504 -31.598261 -32.356619 -30.832132 44.162531 43.147513 44.183054 45.222431
1707 -31.598261 -33.087018 -33.881106 -32.356619 43.147513 42.132496 43.143676 44.183054
1708 -30.832132 -32.356619 -33.114977 -31.554760 45.222431 44.183054 45.218594 46.282332
1709 -32.356619 -33.881106 -34.675194 -33.114977 44.183054 43.143676 44.154856 45.218594
1710 -31.554760 -33.114977 -33.873335 -32.277388 46.282332 45.218594 46.254134 47.342233
1711 -33.114977 -34.675194 -35.469283 -33.873335 45.218594 44.154856 45.166036 46.254134
1712 -32.277388 -33.873335 -34.631694 -33.000016 47.342233 46.254134 47.289675 48.402134
1713 -33.873335 -35.469283 -36.263371 -34.631694 46.254134 45.166036 46.177216 47.289675
1714 -33.000016 -34.631694 -35.390052 -33.722644 48.402134 47.289675 48.325215 49.462034
1715 -34.631694 -36.263371 -37.057460 -35.390052 47.289675 46.177216 47.188396 48.325215
1716 -32.095340 -33.352788 -34.193614 -32.904466 39.634444 38.467703 39.437477 40.633632
1717 -33.352788 -34.610235 -35.482762 -34.193614 38.467703 37.300962 38.241323 39.437477
1718 -32.904466 -34.193614 -35.034441 -33.713592 40.633632 39.437477 40.407251 41.632819
1719 -34.193614 -35.482762 -36.355289 -35.034441 39.437477 38.241323 39.181683 40.407251
1720 -33.713592 -35.034441 -35.875267 -34.522719 41.632819 40.407251 41.377025 42.632007
1721 -35.034441 -36.355289 -37.227816 -35.875267 40.407251 39.181683 40.122043 41.377025
1722 -34.522719 -35.875267 -36.716094 -35.331845 42.632007 41.377025 42.346799 43.631195
1723 -35.875267 -37.227816 -38.100343 -36.716094 41.377025 40.122043 41.062404 42.346799
1724 -35.331845 -36.716094 -37.556920 -36.140971 43.631195 42.346799 43.316573 44.630382
1725 -36.716094 -38.100343 -38.972870 -37.556920 42.346799 41.062404 42.002764 43.316573
1726 -36.140971 -37.556920 -38.397747 -36.950097 44.630382 43.316573 44.286347 45.629570
1727 -37.556920 -38.972870 -39.845397 -38.397747 43.316573 42.002764 42.943125 44.286347
1728 -36.950097 -38.397747 -39.238574 -37.759223 45.629570 44.286347 45.256121 46.628758
1729 -38.397747 -39.845397 -40.717924 -39.238574 44.286347 42.943125 43.883485 45.256121
1730 -34.610235 -35.867683 -36.771910 -35.482762 37.300962 36.134221 37.045168 38.241323
1731 -35.867683 -37.125130 -38.061058 -36.771910 36.134221 34.967481 35.849014 37.045168
1732 -35.482762 -36.771910 -37.676137 -36.355289 38.241323 37.045168 37.956115 39.181683
1733 -36.771910 -38.061058 -38.996986 -37.676137 37.045168 35.849014 36.730547 37.956115
1734 -36.355289 -37.676137 -38.580365 -37.227816 39.181683 37.956115 38.867062 40.122043
1735 -37.676137 -38.996986 -39.932913 -38.580365 37.956115 36.730547 37.612080 38.867062
1736 -37.227816 -38.580365 -39.484592 -38.100343 40.122043 38.867062 39.778008 41.062404
1737 -38.580365 -39.932913 -40.868841 -39.484592 38.867062 37.612080 38.493613 39.778008
1738 -38.100343 -39.484592 -40.388819 -38.972870 41.062404 39.778008 40.688955 42.002764
1739 -39.484592 -40.868841 -41.804769 -40.388819 39.778008 38.493613 39.375146 40.688955
1740 -38.972870 -40.388819 -41.293047 -39.845397 42.002764 40.688955 41.599902 42.943125
1741 -40.388819 -41.804769 -42.740696 -41.293047 40.688955 39.375146 40.256679 41.599902
1742 -39.845397 -41.293047 -42.197274 -40.717924 42.943125 41.599902 42.510849 43.883485
1743 -41.293047 -42.740696 -43.676624 -42.197274 41.599902 40.256679 41.138212 42.510849
1744 -37.644069 -38.713578 -39.689551 -38.593079 34.408198 33.067076 33.900699 35.275631
1745 -38.713578 -39.783087 -40.786022 -39.689551 33.067076 31.725953 32.525767 33.900699
1746 -38.593079 -39.689551 -40.665523 -39.542089 35.275631 33.900699 34.734323 36.143065
1747 -39.689551 -40.786022 -41.788957 -40.665523 33.900699 32.525767 33.325581 34.734323
1748 -39.542089 -40.665523 -41.641496 -40.491099 36.143065 34.734323 35.567947 37.010499
1749 -40.665523 -41.788957 -42.791892 -41.641496 34.734323 33.325581 34.125395 35.567947
1750 -40.491099 -41.641496 -42.617468 -41.440109 37.010499 35.567947 36.401571 37.877932
1751 -41.641496 -42.791892 -43.794827 -42.617468 35.567947 34.125395 34.925209 36.401571
1752 -41.440109 -42.617468 -43.593441 -42.389120 37.877932 36.401571 37.235194 38.745366
1753 -42.617468 -43.794827 -44.797762 -43.593441 36.401571 34.925209 35.725023 37.235194
1754 -42.389120 -43.593441 -44.569413 -43.338130 38.745366 37.235194 38.068818 39.612799
1755 -43.593441 -44.797762 -45.800697 -44.569413 37.235194 35.725023 36.524837 38.068818
1756 -43.338130 -44.569413 -45.545386 -44.287140 39.612799 38.068818 38.902442 40.480233
1757 -44.569413 -45.800697 -46.803632 -45.545386 38.068818 36.524837 37.324651 38.902442
1758 -39.783087 -40.852597 -41.882494 -40.786022 31.725953 30.384831 31.150835 32.525767
1759 -40.852597 -41.922106 -42.978966 -41.882494 30.384831 29.043709 29.775903 31.150835
1760 -40.786022 -41.882494 -42.912391 -41.788957 32.525767 31.150835 31.916840 33.325581
1761 -41.882494 -42.978966 -44.035825 -42.912391 31.150835 29.775903 30.508098 31.916840
1762 -41.788957 -42.912391 -43.942289 -42.791892 33.325581 31.916840 32.682844 34.125395
1763 -42.912391 -44.035825 -45.092685 -43.942289 31.916840 30.508098 31.240292 32.682844
1764 -42.791892 -43.942289 -44.972186 -43.794827 34.125395 32.682844 33.448848 34.925209
1765 -43.942289 -45.092685 -46.149545 -44.972186 32.682844 31.240292 31.972487 33.448848
1766 -43.794827 -44.972186 -46.002084 -44.797762 34.925209 33.448848 34.214852 35.725023
1767 -44.972186 -46.149545 -47.206405 -46.002084 33.448848 31.972487 32.704681 34.214852
1768 -44.797762 -46.002084 -47.031981 -45.800697 35.725023 34.214852 34.980856 36.524837
1769 -46.002084 -47.206405 -48.263265 -47.031981 34.214852 32.704681 33.436875 34.980856
1770 -45.800697 -47.031981 -48.061878 -46.803632 36.524837 34.980856 35.746860 37.324651
1771 -47.031981 -48.263265 -49.320125 -48.061878 34.980856 33.436875 34.169070 35.746860
1772 -42.351892 -43.209571 -44.298888 -43.419586 28.413329 26.927784 27.606636 29.129632
1773 -43.209571 -44.067251 -45.178190 -44.298888 26.927784 25.442239 26.083640 27.606636
1774 -43.419586 -44.298888 -45.388205 -44.487281 29.129632 27.606636 28.285488 29.845934
1775 -44.298888 -45.178190 -46.289129 -45.388205 27.606636 26.083640 26.725041 28.285488
1776 -44.487281 -45.388205 -46.477522 -45.554976 29.845934 28.285488 28.964339 30.562237
1777 -45.388205 -46.289129 -47.400068 -46.477522 28.285488 26.725041 27.366442 28.964339
1778 -45.554976 -46.477522 -47.566839 -46.622670 30.562237 28.964339 29.643191 31.278539
1779 -46.477522 -47.400068 -48.511008 -47.566839 28.964339 27.366442 28.007843 29.643191
1780 -46.622670 -47.566839 -48.656156 -47.690365 31.278539 29.643191 30.322043 31.994841
1781 -47.566839 -48.511008 -49.621947 -48.656156 29.643191 28.007843 28.649244 30.322043
1782 -47.690365 -48.656156 -49.745473 -48.758060 31.994841 30.322043 31.000895 32.711144
1783 -48.656156 -49.621947 -50.732886 -49.745473 30.322043 28.649244 29.290645 31.000895
1784 -48.758060 -49.745473 -50.834790 -49.825755 32.711144 31.000895 31.679746 33.427446
1785 -49.745473 -50.732886 -51.843825 -50.834790 31.000895 29.290645 29.932046 31.679746
1786 -44.067251 -44.924931 -46.057492 -45.178190 25.442239 23.956694 24.560645 26.083640
1787 -44.924931 -45.782611 -46.936794 -46.057492 23.956694 22.471149 23.037649 24.560645
1788 -45.178190 -46.057492 -47.190054 -46.289129 26.083640 24.560645 25.164595 26.725041
1789 -46.057492 -46.936794 -48.090978 -47.190054 24.560645 23.037649 23.604148 25.164595
1790 -46.289129 -47.190054 -48.322615 -47.400068 26.725041 25.164595 25.768545 27.366442
1791 -47.190054 -48.090978 -49.245161 -48.322615 25.164595 23.604148 24.170648 25.768545
1792 -47.400068 -48.322615 -49.455176 -48.511008 27.366442 25.768545 26.372495 28.007843
1793 -48.322615 -49.245161 -50.399345 -49.455176 25.768545 24.170648 24.737148 26.372495
1794 -48.511008 -49.455176 -50.587737 -49.621947 28.007843 26.372495 26.976446 28.649244
1795 -49.455176 -50.399345 -51.553528 -50.587737 26.372495 24.737148 25.303647 26.976446
1796 -49.621947 -50.587737 -51.720299 -50.732886 28.649244 26.976446 27.580396 29.290645
1797 -50.587737 -51.553528 -52.707712 -51.720299 26.976446 25.303647 25.870147 27.580396
1798 -50.732886 -51.720299 -52.852860 -51.843825 29.290645 27.580396 28.184346 29.932046
1799 -51.720299 -52.707712 -53.861895 -52.852860 27.580396 25.870147 26.436646 28.184346
1800 -46.113643 -46.740334 -47.918662 -47.276172 21.783754 20.186971 20.695886 22.332924
1801 -46.740334 -47.367025 -48.561152 -47.918662 20.186971 18.590188 19.058848 20.695886
1802 -47.276172 -47.918662 -49.096990 -48.438700 22.332924 20.695886 21.204801 22.882095
1803 -47.918662 -48.561152 -49.755279 -49.096990 20.695886 19.058848 19.527508 21.204801
1804 -48.438700 -49.096990 -50.275317 -49.601229 22.882095 21.204801 21.713716 23.431265
1805 -49.096990 -49.755279 -50.949405 -50.275317 21.204801 19.527508 19.996168 21.713716
1806 -49.601229 -50.275317 -51.453645 -50.763758 23.431265 21.713716 22.222632 23.980435
1807 -50.275317 -50.949405 -52.143532 -51.453645 21.713716 19.996168 20.464828 22.222632
1808 -50.763758 -51.453645 -52.631973 -51.926287 23.980435 22.222632 22.731547 24.529605
1809 -51.453645 -52.143532 -53.337659 -52.631973 22.222632 20.464828 20.933488 22.731547
1810 -51.926287 -52.631973 -53.810301 -53.088816 24.529605 22.731547 23.240462 25.078776
1811 -52.631973 -53.337659 -54.531786 -53.810301 22.731547 20.933488 21.402149 23.240462
1812 -53.088816 -53.810301 -54.988628 -54.251345 25.078776 23.240462 23.749377 25.627946
1813 -53.810301 -54.531786 -55.725912 -54.988628 23.240462 21.402149 21.870809 23.749377
1814 -47.367025 -47.993717 -49.203642 -48.561152 18.590188 16.993404 17.421809 19.058848
1815 -47.993717 -48.620408 -49.846132 -49.203642 16.993404 15.396621 15.784771 17.421809
1816 -48.561152 -49.203642 -50.413568 -49.755279 19.058848 17.421809 17.850215 19.527508
1817 -49.203642 -49.846132 -51.071857 -50.413568 17.421809 15.784771 16.172921 17.850215
1818 -49.755279 -50.413568 -51.623494 -50.949405 19.527508 17.850215 18.278620 19.996168
1819 -50.413568 -51.071857 -52.297582 -51.623494 17.850215 16.172921 16.561071 18.278620
1820 -50.949405 -51.623494 -52.833419 -52.143532 19.996168 18.278620 18.707025 20.464828
1821 -51.623494 -52.297582 -53.523306 -52.833419 18.278620 16.561071 16.949221 18.707025
1822 -52.143532 -52.833419 -54.043345 -53.337659 20.464828 18.707025 19.135430 20.933488
1823 -52.833419 -53.523306 -54.749031 -54.043345 18.707025 16.949221 17.337372 19.135430
1824 -53.337659 -54.043345 -55.253270 -54.531786 20.933488 19.135430 19.563835 21.402149
1825 -54.043345 -54.749031 -55.974755 -55.253270 19.135430 17.337372 17.725522 19.563835
1826 -54.531786 -55.253270 -56.463196 -55.725912 21.402149 19.563835 19.992240 21.870809
1827 -55.253270 -55.974755 -57.200480 -56.463196 19.563835 17.725522 18.113672 19.992240
1828 -48.845292 -49.226995 -50.468012 -50.076686 14.667566 12.995214 13.322824 15.037336
1829 -49.226995 -49.608699 -50.859338 -50.468012 12.995214 11.322862 11.608312 13.322824
1830 -50.076686 -50.468012 -51.709028 -51.308079 15.037336 13.322824 13.650435 15.407107
1831 -50.468012 -50.859338 -52.109977 -51.709028 13.322824 11.608312 11.893762 13.650435
1832 -51.308079 -51.709028 -52.950045 -52.539473 15.407107 13.650435 13.978045 15.776877
1833 -51.709028 -52.109977 -53.360617 -52.950045 13.650435 11.893762 12.179213 13.978045
1834 -52.539473 -52.950045 -54.191062 -53.770867 15.776877 13.978045 14.305655 16.146648
1835 -52.950045 -53.360617 -54.611256 -54.191062 13.978045 12.179213 12.464663 14.305655
1836 -53.770867 -54.191062 -55.432078 -55.002261 16.146648 14.305655 14.633266 16.516419
1837 -54.191062 -54.611256 -55.861896 -55.432078 14.305655 12.464663 12.750113 14.633266
1838 -55.002261 -55.432078 -56.673095 -56.233655 16.516419 14.633266 14.960876 16.886189
1839 -55.432078 -55.861896 -57.112535 -56.673095 14.633266 12.750113 13.035563 14.960876
1840 -56.233655 -56.673095 -57.914112 -57.465049 16.886189 14.960876 15.288487 17.255960
1841 -56.673095 -57.112535 -58.363175 -57.914112 14.960876 13.035563 13.321014 15.288487
1842 -49.608699 -49.990402 -51.250664 -50.859338 11.322862 9.650510 9.893800 11.608312
1843 -49.990402 -50.372105 -51.641990 -51.250664 9.650510 7.978158 8.179288 9.893800
1844 -50.859338 -51.250664 -52.510926 -52.109977 11.608312 9.893800 10.137090 11.893762
1845 -51.250664 -51.641990 -52.911875 -52.510926 9.893800 8.179288 8.380418 10.137090
1846 -52.109977 -52.510926 -53.771189 -53.360617 11.893762 10.137090 10.380380 12.179213
1847 -52.510926 -52.911875 -54.181760 -53.771189 10.137090 8.380418 8.581548 10.380380
1848 -53.360617 -53.771189 -55.031451 -54.611256 12.179213 10.380380 10.623670 12.464663
1849 -53.771189 -54.181760 -55.451645 -55.031451 10.380380 8.581548 8.782678 10.623670
1850 -54.611256 -55.031451 -56.291713 -55.861896 12.464663 10.623670 10.866961 12.750113
1851 -55.031451 -55.451645 -56.721530 -56.291713 10.623670 8.782678 8.983808 10.866961
1852 -55.861896 -56.291713 -57.551975 -57.112535 12.750113 10.866961 11.110251 13.035563
1853 -56.291713 -56.721530 -57.991415 -57.551975 10.866961 8.983808 9.184938 11.110251
1854 -57.112535 -57.551975 -58.812238 -58.363175 13.035563 11.110251 11.353541 13.321014
1855 -57.551975 -57.991415 -59.261300 -58.812238 11.110251 9.184938 9.386068 11.353541
1856 -50.485817 -50.614006 -51.889990 -51.758569 7.223728 5.513165 5.652152 7.405839
1857 -50.614006 -50.742195 -52.021410 -51.889990 5.513165 3.802602 3.898466 5.652152
1858 -51.758569 -51.889990 -53.165973 -53.031321 7.405839 5.652152 5.791140 7.587950
1859 -51.889990 -52.021410 -53.300625 -53.165973 5.652152 3.898466 3.994330 5.791140
1860 -53.031321 -53.165973 -54.441956 -54.304072 7.587950 5.791140 5.930127 7.770061
1861 -53.165973 -53.300625 -54.579840 -54.441956 5.791140 3.994330 4.090194 5.930127
1862 -54.304072 -54.441956 -55.717940 -55.576824 7.770061 5.930127 6.069114 7.952171
1863 -54.441956 -54.579840 -55.859055 -55.717940 5.930127 4.090194 4.186057 6.069114
1864 -55.576824 -55.717940 -56.993923 -56.849576 7.952171 6.069114 6.208102 8.134282
1865 -55.717940 -55.859055 -57.138270 -56.993923 6.069114 4.186057 4.281921 6.208102
1866 -56.849576 -56.993923 -58.269906 -58.122328 8.134282 6.208102 6.347089 8.316393
1867 -56.993923 -57.138270 -58.417485 -58.269906 6.208102 4.281921 4.377785 6.347089
1868 -58.122328 -58.269906 -59.545890 -59.395079 8.316393 6.347089 6.486076 8.498504
1869 -58.269906 -58.417485 -59.696700 -59.545890 6.347089 4.377785 4.473649 6.486076
1870 -50.742195 -50.870384 -52.152831 -52.021410 3.802602 2.092039 2.144779 3.898466
1871 -50.870384 -50.998573 -52.284252 -52.152831 2.092039 0.381476 0.391093 2.144779
1872 -52.021410 -52.152831 -53.435278 -53.300625 3.898466 2.144779 2.197520 3.994330
1873 -52.152831 -52.284252 -53.569930 -53.435278 2.144779 0.391093 0.400710 2.197520
1874 -53.300625 -53.435278 -54.717724 -54.579840 3.994330 2.197520 2.250260 4.090194
1875 -53.435278 -53.569930 -54.855608 -54.717724 2.197520 0.400710 0.410327 2.250260
1876 -54.579840 -54.717724 -56.000171 -55.859055 4.090194 2.250260 2.303001 4.186057
1877 -54.717724 -54.855608 -56.141287 -56.000171 2.250260 0.410327 0.419944 2.303001
1878 -55.859055 -56.000171 -57.282618 -57.138270 4.186057 2.303001 2.355741 4.281921
1879 -56.000171 -56.141287 -57.426965 -57.282618 2.303001 0.419944 0.429561 2.355741
1880 -57.138270 -57.282618 -58.565064 -58.417485 4.281921 2.355741 2.408482 4.377785
1881 -57.282618 -57.426965 -58.712643 -58.565064 2.355741 0.429561 0.439178 2.408482
1882 -58.417485 -58.565064 -59.847511 -59.696700 4.377785 2.408482 2.461222 4.473649
1883 -58.565064 -58.712643 -59.998322 -59.847511 2.408482 0.439178 0.448795 2.461222
1884 -50.998573 -50.870384 -52.152831 -52.284252 -0.381476 -2.092039 -2.144779 -0.391093
1885 -50.870384 -50.742195 -52.021410 -52.152831 -2.092039 -3.802602 -3.898466 -2.144779
1886 -52.284252 -52.152831 -53.435278 -53.569930 -0.391093 -2.144779 -2.197520 -0.400710
1887 -52.152831 -52.021410 -53.300625 -53.435278 -2.144779 -3.898466 -3.994330 -2.197520
1888 -53.569930 -53.435278 -54.717724 -54.855608 -0.400710 -2.197520 -2.250260 -0.410327
1889 -53.435278 -53.300625 -54.579840 -54.717724 -2.197520 -3.994330 -4.090194 -2.250260
1890 -54.855608 -54.717724 -56.000171 -56.141287 -0.410327 -2.250260 -2.303001 -0.419944
1891 -54.717724 -54.579840 -55.859055 -56.000171 -2.250260 -4.090194 -4.186057 -2.303001
1892 -56.141287 -56.000171 -57.282618 -57.426965 -0.419944 -2.303001 -2.355741 -0.429561
1893 -56.000171 -55.859055 -57.138270 -57.282618 -2.303001 -4.186057 -4.281921 -2.355741
1894 -57.426965 -57.282618 -58.565064 -58.712643 -0.429561 -2.355741 -2.408482 -0.439178
1895 -57.282618 -57.138270 -58.417485 -58.565064 -2.355741 -4.281921 -4.377785 -2.408482
1896 -58.712643 -58.565064 -59.847511 -59.998322 -0.439178 -2.408482 -2.461222 -0.448795
1897 -58.565064 -58.417485 -59.696700 -59.847511 -2.408482 -4.377785 -4.473649 -2.461222
1898 -50.742195 -50.614006 -51.889990 -52.021410 -3.802602 -5.513165 -5.652152 -3.898466
1899 -50.614006 -50.485817 -51.758569 -51.889990 -5.513165 -7.223728 -7.405839 -5.652152
1900 -52.021410 -51.889990 -53.165973 -53.300625 -3.898466 -5.652152 -5.791140 -3.994330
1901 -51.889990 -51.758569 -53.031321 -53.165973 -5.652152 -7.405839 -7.587950 -5.791140
1902 -53.300625 -53.165973 -54.441956 -54.579840 -3.994330 -5.791140 -5.930127 -4.090194
1903 -53.165973 -53.031321 -54.304072 -54.441956 -5.791140 -7.587950 -7.770061 -5.930127
1904 -54.579840 -54.441956 -55.717940 -55.859055 -4.090194 -5.930127 -6.069114 -4.186057
1905 -54.441956 -54.304072 -55.576824 -55.717940 -5.930127 -7.770061 -7.952171 -6.069114
1906 -55.859055 -55.717940 -56.993923 -57.138270 -4.186057 -6.069114 -6.208102 -4.281921
1907 -55.717940 -55.576824 -56.849576 -56.993923 -6.069114 -7.952171 -8.134282 -6.208102
1908 -57.138270 -56.993923 -58.269906 -58.417485 -4.281921 -6.208102 -6.347089 -4.377785
1909 -56.993923 -56.849576 -58.122328 -58.269906 -6.208102 -8.134282 -8.316393 -6.347089
1910 -58.417485 -58.269906 -59.545890 -59.696700 -4.377785 -6.347089 -6.486076 -4.473649
1911 -58.269906 -58.122328 -59.395079 -59.545890 -6.347089 -8.316393 -8.498504 -6.486076
1912 -50.372105 -49.990402 -51.250664 -51.641990 -7.978158 -9.650510 -9.893800 -8.179288
1913 -49.990402 -49.608699 -50.859338 -51.250664 -9.650510 -11.322862 -11.608312 -9.893800
1914 -51.641990 -51.250664 -52.510926 -52.911875 -8.179288 -9.893800 -10.137090 -8.380418
1915 -51.250664 -50.859338 -52.109977 -52.510926 -9.893800 -11.608312 -11.893762 -10.137090
1916 -52.911875 -52.510926 -53.771189 -54.181760 -8.380418 -10.137090 -10.380380 -8.581548
1917 -52.510926 -52.109977 -53.360617 -53.771189 -10.137090 -11.893762 -12.179213 -10.380380
1918 -54.181760 -53.771189 -55.031451 -55.451645 -8.581548 -10.380380 -10.623670 -8.782678
1919 -53.771189 -53.360617 -54.611256 -55.031451 -10.380380 -12.179213 -12.464663 -10.623670
1920 -55.451645 -55.031451 -56.291713 -56.721530 -8.782678 -10.623670 -10.866961 -8.983808
1921 -55.031451 -54.611256 -55.861896 -56.291713 -10.623670 -12.464663 -12.750113 -10.866961
1922 -56.721530 -56.291713 -57.551975 -57.991415 -8.983808 -10.866961 -11.110251 -9.184938
1923 -56.291713 -55.861896 -57.112535 -57.551975 -10.866961 -12.750113 -13.035563 -11.110251
1924 -57.991415 -57.551975 -58.812238 -59.261300 -9.184938 -11.110251 -11.353541 -9.386068
1925 -57.551975 -57.112535 -58.363175 -58.812238 -11.110251 -13.035563 -13.321014 -11.353541
1926 -49.608699 -49.226995 -50.468012 -50.859338 -11.322862 -12.995214 -13.322824 -11.608312
1927 -49.226995 -48.845292 -50.076686 -50.468012 -12.995214 -14.667566 -15.037336 -13.322824
1928 -50.859338 -50.468012 -51.709028 -52.109977 -11.608312 -13.322824 -13.650435 -11.893762
1929 -50.468012 -50.076686 -51.308079 -51.709028 -13.322824 -15.037336 -15.407107 -13.650435
1930 -52.109977 -51.709028 -52.950045 -53.360617 -11.893762 -13.650435 -13.978045 -12.179213
1931 -51.709028 -51.308079 -52.539473 -52.950045 -13.650435 -15.407107 -15.776877 -13.978045
1932 -53.360617 -52.950045 -54.191062 -54.611256 -12.179213 -13.978045 -14.305655 -12.464663
1933 -52.950045 -52.539473 -53.770867 -54.191062 -13.978045 -15.776877 -16.146648 -14.305655
1934 -54.611256 -54.191062 -55.432078 -55.861896 -12.464663 -14.305655 -14.633266 -12.750113
1935 -54.191062 -53.770867 -55.002261 -55.432078 -14.305655 -16.146648 -16.516419 -14.633266
1936 -55.861896 -55.432078 -56.673095 -57.112535 -12.750113 -14.633266 -14.960876 -13.035563
1937 -55.432078 -55.002261 -56.233655 -56.673095 -14.633266 -16.516419 -16.886189 -14.960876
1938 -57.112535 -56.673095 -57.914112 -58.363175 -13.035563 -14.960876 -15.288487 -13.321014
1939 -56.673095 -56.233655 -57.465049 -57.914112 -14.960876 -16.886189 -17.255960 -15.288487
1940 -48.620408 -47.993717 -49.203642 -49.846132 -15.396621 -16.993404 -17.421809 -15.784771
1941 -47.993717 -47.367025 -48.561152 -49.203642 -16.993404 -18.590188 -19.058848 -17.421809
1942 -49.846132 -49.203642 -50.413568 -51.071857 -15.784771 -17.421809 -17.850215 -16.172921
1943 -49.203642 -48.561152 -49.755279 -50.413568 -17.421809 -19.058848 -19.527508 -17.850215
1944 -51.071857 -50.413568 -51.623494 -52.297582 -16.172921 -17.850215 -18.278620 -16.561071
1945 -50.413568 -49.755279 -50.949405 -51.623494 -17.850215 -19.527508 -19.996168 -18.278620
1946 -52.297582 -51.623494 -52.833419 -53.523306 -16.561071 -18.278620 -18.707025 -16.949221
1947 -51.623494 -50.949405 -52.143532 -52.833419 -18.278620 -19.996168 -20.464828 -18.707025
1948 -53.523306 -52.833419 -54.043345 -54.749031 -16.949221 -18.707025 -19.135430 -17.337372
1949 -52.833419 -52.143532 -53.337659 -54.043345 -18.707025 -20.464828 -20.933488 -19.135430
1950 -54.749031 -54.043345 -55.253270 -55.974755 -17.337372 -19.135430 -19.563835 -17.725522
1951 -54.043345 -53.337659 -54.531786 -55.253270 -19.135430 -20.933488 -21.402149 -19.563835
1952 -55.974755 -55.253270 -56.463196 -57.200480 -17.725522 -19.563835 -19.992240 -18.113672
1953 -55.253270 -54.531786 -55.725912 -56.463196 -19.563835 -21.402149 -21.870809 -19.992240
1954 -47.367025 -46.740334 -47.918662 -48.561152 -18.590188 -20.186971 -20.695886 -19.058848
1955 -46.740334 -46.113643 -47.276172 -47.918662 -20.186971 -21.783754 -22.332924 -20.695886
1956 -48.561152 -47.918662 -49.096990 -49.755279 -19.058848 -20.695886 -21.204801 -19.527508
1957 -47.918662 -47.276172 -48.438700 -49.096990 -20.695886 -22.332924 -22.882095 -21.204801
1958 -49.755279 -49.096990 -50.275317 -50.949405 -19.527508 -21.204801 -21.713716 -19.996168
1959 -49.096990 -48.438700 -49.601229 -50.275317 -21.204801 -22.882095 -23.431265 -21.713716
1960 -50.949405 -50.275317 -51.453645 -52.143532 -19.996168 -21.713716 -22.222632 -20.464828
1961 -50.275317 -49.601229 -50.763758 -51.453645 -21.713716 -23.431265 -23.980435 -22.222632
1962 -52.143532 -51.453645 -52.631973 -53.337659 -20.464828 -22.222632 -22.731547 -20.933488
1963 -51.453645 -50.763758 -51.926287 -52.631973 -22.222632 -23.980435 -24.529605 -22.731547
1964 -53.337659 -52.631973 -53.810301 -54.531786 -20.933488 -22.731547 -23.240462 -21.402149
1965 -52.631973 -51.926287 -53.088816 -53.810301 -22.731547 -24.529605 -25.078776 -23.240462
1966 -54.531786 -53.810301 -54.988628 -55.725912 -21.402149 -23.240462 -23.749377 -21.870809
1967 -53.810301 -53.088816 -54.251345 -54.988628 -23.240462 -25.078776 -25.627946 -23.749377
1968 -45.782611 -44.924931 -46.057492 -46.936794 -22.471149 -23.956694 -24.560645 -23.037649
1969 -44.924931 -44.067251 -45.178190 -46.057492 -23.956694 -25.442239 -26.083640 -24.560645
1970 -46.936794 -46.057492 -47.190054 -48.090978 -23.037649 -24.560645 -25.164595 -23.604148
1971 -46.057492 -45.178190 -46.289129 -47.190054 -24.560645 -26.083640 -26.725041 -25.164595
1972 -48.090978 -47.190054 -48.322615 -49.245161 -23.604148 -25.164595 -25.768545 -24.170648
1973 -47.190054 -46.289129 -47.400068 -48.322615 -25.164595 -26.725041 -27.366442 -25.768545
1974 -49.245161 -48.322615 -49.455176 -50.399345 -24.170648 -25.768545 -26.372495 -24.737148
1975 -48.322615 -47.400068 -48.511008 -49.455176 -25.768545 -27.366442 -28.007843 -26.372495
1976 -50.399345 -49.455176 -50.587737 -51.553528 -24.737148 -26.372495 -26.976446 -25.303647
1977 -49.455176 -48.511008 -49.621947 -50.587737 -26.372495 -28.007843 -28.649244 -26.976446
1978 -51.553528 -50.587737 -51.720299 -52.707712 -25.303647 -26.976446 -27.580396 -25.870147
1979 -50.587737 -49.621947 -50.732886 -51.720299 -26.976446 -28.649244 -29.290645 -27.580396
1980 -52.707712 -51.720299 -52.852860 -53.861895 -25.870147 -27.580396 -28.184346 -26.436646
1981 -51.720299 -50.732886 -51.843825 -52.852860 -27.580396 -29.290645 -29.932046 -28.184346
1982 -44.067251 -43.209571 -44.298888 -45.178190 -25.442239 -26.927784 -27.606636 -26.083640
1983 -43.209571 -42.351892 -43.419586 -44.298888 -26.927784 -28.413329 -29.129632 -27.606636
1984 -45.178190 -44.298888 -45.388205 -46.289129 -26.083640 -27.606636 -28.285488 -26.725041
1985 -44.298888 -43.419586 -44.487281 -45.388205 -27.606636 -29.129632 -29.845934 -28.285488
1986 -46.289129 -45.388205 -46.477522 -47.400068 -26.725041 -28.285488 -28.964339 -27.366442
1987 -45.388205 -44.487281 -45.554976 -46.477522 -28.285488 -29.845934 -30.562237 -28.964339
1988 -47.400068 -46.477522 -47.566839 -48.511008 -27.366442 -28.964339 -29.643191 -28.007843
1989 -46.477522 -45.554976 -46.622670 -47.566839 -28.964339 -30.562237 -31.278539 -29.643191
1990 -48.511008 -47.566839 -48.656156 -49.621947 -28.007843 -29.643191 -30.322043 -28.649244
1991 -47.566839 -46.622670 -47.690365 -48.656156 -29.643191 -31.278539 -31.994841 -30.322043
1992 -49.621947 -48.656156 -49.745473 -50.732886 -28.649244 -30.322043 -31.000895 -29.290645
1993 -48.656156 -47.690365 -48.758060 -49.745473 -30.322043 -31.994841 -32.711144 -31.000895
1994 -50.732886 -49.745473 -50.834790 -51.843825 -29.290645 -31.000895 -31.679746 -29.932046
1995 -49.745473 -48.758060 -49.825755 -50.834790 -31.000895 -32.711144 -33.427446 -31.679746
1996 -41.922106 -40.852597 -41.882494 -42.978966 -29.043709 -30.384831 -31.150835 -29.775903
1997 -40.852597 -39.783087 -40.786022 -41.882494 -30.384831 -31.725953 -32.525767 -31.150835
1998 -42.978966 -41.882494 -42.912391 -44.035825 -29.775903 -31.150835 -31.916840 -30.508098
1999 -41.882494 -40.786022 -41.788957 -42.912391 -31.150835 -32.525767 -33.325581 -31.916840
2000 -44.035825 -42.912391 -43.942289 -45.092685 -30.508098 -31.916840 -32.682844 -31.240292
2001 -42.912391 -41.788957 -42.791892 -43.942289 -31.916840 -33.325581 -34.125395 -32.682844
2002 -45.092685 -43.942289 -44.972186 -46.149545 -31.240292 -32.682844 -33.448848 -31.972487
2003 -43.942289 -42.791892 -43.794827 -44.972186 -32.682844 -34.125395 -34.925209 -33.448848
2004 -46.149545 -44.972186 -46.002084 -47.206405 -31.972487 -33.448848 -34.214852 -32.704681
2005 -44.972186 -43.794827 -44.797762 -46.002084 -33.448848 -34.925209 -35.725023 -34.214852
2006 -47.206405 -46.002084 -47.031981 -48.263265 -32.704681 -34.214852 -34.980856 -33.436875
2007 -46.002084 -44.797762 -45.800697 -47.031981 -34.214852 -35.725023 -36.524837 -34.980856
2008 -48.263265 -47.031981 -48.061878 -49.320125 -33.436875 -34.980856 -35.746860 -34.169070
2009 -47.031981 -45.800697 -46.803632 -48.061878 -34.980856 -36.524837 -37.324651 -35.746860
2010 -39.783087 -38.713578 -39.689551 -40.786022 -31.725953 -33.067076 -33.900699 -32.525767
2011 -38.713578 -37.644069 -38.593079 -39.689551 -33.067076 -34.408198 -35.275631 -33.900699
2012 -40.786022 -39.689551 -40.665523 -41.788957 -32.525767 -33.900699 -34.734323 -33.325581
2013 -39.689551 -38.593079 -39.542089 -40.665523 -33.900699 -35.275631 -36.143065 -34.734323
2014 -41.788957 -40.665523 -41.641496 -42.791892 -33.325581 -34.734323 -35.567947 -34.125395
2015 -40.665523 -39.542089 -40.491099 -41.641496 -34.734323 -36.143065 -37.010499 -35.567947
2016 -42.791892 -41.641496 -42.617468 -43.794827 -34.125395 -35.567947 -36.401571 -34.925209
2017 -41.641496 -40.491099 -41.440109 -42.617468 -35.567947 -37.010499 -37.877932 -36.401571
2018 -43.794827 -42.617468 -43.593441 -44.797762 -34.925209 -36.401571 -37.235194 -35.725023
2019 -42.617468 -41.440109 -42.389120 -43.593441 -36.401571 -37.877932 -38.745366 -37.235194
2020 -44.797762 -43.593441 -44.569413 -45.800697 -35.725023 -37.235194 -38.068818 -36.524837
2021 -43.593441 -42.389120 -43.338130 -44.569413 -37.235194 -38.745366 -39.612799 -38.068818
2022 -45.800697 -44.569413 -45.545386 -46.803632 -36.524837 -38.068818 -38.902442 -37.324651
2023 -44.569413 -43.338130 -44.287140 -45.545386 -38.068818 -39.612799 -40.480233 -38.902442
2024 -37.125130 -35.867683 -36.771910 -38.061058 -34.967481 -36.134221 -37.045168 -35.849014
2025 -35.867683 -34.610235 -35.482762 -36.771910 -36.134221 -37.300962 -38.241323 -37.045168
2026 -38.061058 -36.771910 -37.676137 -38.996986 -35.849014 -37.045168 -37.956115 -36.730547
2027 -36.771910 -35.482762 -36.355289 -37.676137 -37.045168 -38.241323 -39.181683 -37.956115
2028 -38.996986 -37.676137 -38.580365 -39.932913 -36.730547 -37.956115 -38.867062 -37.612080
2029 -37.676137 -36.355289 -37.227816 -38.580365 -37.956115 -39.181683 -40.122043 -38.867062
2030 -39.932913 -38.580365 -39.484592 -40.868841 -37.612080 -38.867062 -39.778008 -38.493613
2031 -38.580365 -37.227816 -38.100343 -39.484592 -38.867062 -40.122043 -41.062404 -39.778008
2032 -40.868841 -39.484592 -40.388819 -41.804769 -38.493613 -39.778008 -40.688955 -39.375146
2033 -39.484592 -38.100343 -38.972870 -40.388819 -39.778008 -41.062404 -42.002764 -40.688955
2034 -41.804769 -40.388819 -41.293047 -42.740696 -39.375146 -40.688955 -41.599902 -40.256679
2035 -40.388819 -38.972870 -39.845397 -41.293047 -40.688955 -42.002764 -42.943125 -41.599902
2036 -42.740696 -41.293047 -42.197274 -43.676624 -40.256679 -41.599902 -42.510849 -41.138212
2037 -41.293047 -39.845397 -40.717924 -42.197274 -41.599902 -42.943125 -43.883485 -42.510849
2038 -34.610235 -33.352788 -34.193614 -35.482762 -37.300962 -38.467703 -39.437477 -38.241323
2039 -33.352788 -32.095340 -32.904466 -34.193614 -38.467703 -39.634444 -40.633632 -39.437477
2040 -35.482762 -34.193614 -35.034441 -36.355289 -38.241323 -39.437477 -40.407251 -39.181683
2041 -34.193614 -32.904466 -33.713592 -35.034441 -39.437477 -40.633632 -41.632819 -40.407251
2042 -36.355289 -35.034441 -35.875267 -37.227816 -39.181683 -40.407251 -41.377025 -40.122043
2043 -35.034441 -33.713592 -34.522719 -35.875267 -40.407251 -41.632819 -42.632007 -41.377025
2044 -37.227816 -35.875267 -36.716094 -38.100343 -40.122043 -41.377025 -42.346799 -41.062404
2045 -35.875267 -34.522719 -35.331845 -36.716094 -41.377025 -42.632007 -43.631195 -42.346799
2046 -38.100343 -36.716094 -37.556920 -38.972870 -41.062404 -42.346799 -43.316573 -42.002764
2047 -36.716094 -35.331845 -36.140971 -37.556920 -42.346799 -43.631195 -44.630382 -43.316573
2048 -38.972870 -37.556920 -38.397747 -39.845397 -42.002764 -43.316573 -44.286347 -42.943125
2049 -37.556920 -36.140971 -36.950097 -38.397747 -43.316573 -44.630382 -45.629570 -44.286347
2050 -39.845397 -38.397747 -39.238574 -40.717924 -42.943125 -44.286347 -45.256121 -43.883485
2051 -38.397747 -36.950097 -37.759223 -39.238574 -44.286347 -45.629570 -46.628758 -45.256121
2052 -31.498841 -30.081544 -30.839902 -32.292929 -40.110136 -41.076433 -42.111973 -41.121316
2053 -30.081544 -28.664247 -29.386876 -30.839902 -41.076433 -42.042729 -43.102630 -42.111973
2054 -32.292929 -30.839902 -31.598261 -33.087018 -41.121316 -42.111973 -43.147513 -42.132496
2055 -30.839902 -29.386876 -30.109504 -31.598261 -42.111973 -43.102630 -44.162531 -43.147513
2056 -33.087018 -31.598261 -32.356619 -33.881106 -42.132496 -43.147513 -44.183054 -43.143676
2057 -31.598261 -30.109504 -30.832132 -32.356619 -43.147513 -44.162531 -45.222431 -44.183054
2058 -33.881106 -32.356619 -33.114977 -34.675194 -43.143676 -44.183054 -45.218594 -44.154856
2059 -32.356619 -30.832132 -31.554760 -33.114977 -44.183054 -45.222431 -46.282332 -45.218594
2060 -34.675194 -33.114977 -33.873335 -35.469283 -44.154856 -45.218594 -46.254134 -45.166036
2061 -33.114977 -31.554760 -32.277388 -33.873335 -45.218594 -46.282332 -47.342233 -46.254134
2062 -35.469283 -33.873335 -34.631694 -36.263371 -45.166036 -46.254134 -47.289675 -46.177216
2063 -33.873335 -32.277388 -33.000016 -34.631694 -46.254134 -47.342233 -48.402134 -47.289675
2064 -36.263371 -34.631694 -35.390052 -37.057460 -46.177216 -47.289675 -48.325215 -47.188396
2065 -34.631694 -33.000016 -33.722644 -35.390052 -47.289675 -48.402134 -49.462034 -48.325215
2066 -28.664247 -27.246951 -27.933849 -29.386876 -42.042729 -43.009026 -44.093287 -43.102630
2067 -27.246951 -25.829654 -26.480822 -27.933849 -43.009026 -43.975322 -45.083944 -44.093287
2068 -29.386876 -27.933849 -28.620747 -30.109504 -43.102630 -44.093287 -45.177548 -44.162531
2069 -27.933849 -26.480822 -27.131990 -28.620747 -44.093287 -45.083944 -46.192565 -45.177548
2070 -30.109504 -28.620747 -29.307645 -30.832132 -44.162531 -45.177548 -46.261809 -45.222431
2071 -28.620747 -27.131990 -27.783157 -29.307645 -45.177548 -46.192565 -47.301187 -46.261809
2072 -30.832132 -29.307645 -29.994542 -31.554760 -45.222431 -46.261809 -47.346070 -46.282332
2073 -29.307645 -27.783157 -28.434325 -29.994542 -46.261809 -47.301187 -48.409809 -47.346070
2074 -31.554760 -29.994542 -30.681440 -32.277388 -46.282332 -47.346070 -48.430332 -47.342233
2075 -29.994542 -28.434325 -29.085493 -30.681440 -47.346070 -48.409809 -49.518430 -48.430332
2076 -32.277388 -30.681440 -31.368338 -33.000016 -47.342233 -48.430332 -49.514593 -48.402134
2077 -30.681440 -29.085493 -29.736661 -31.368338 -48.430332 -49.518430 -50.627052 -49.514593
2078 -33.000016 -31.368338 -32.055236 -33.722644 -48.402134 -49.514593 -50.598854 -49.462034
2079 -31.368338 -29.736661 -30.387828 -32.055236 -49.514593 -50.627052 -51.735673 -50.598854
2080 -25.168919 -23.623433 -24.218982 -25.803430 -44.356798 -45.101064 -46.238066 -45.475036
2081 -23.623433 -22.077948 -22.634535 -24.218982 -45.101064 -45.845331 -47.001096 -46.238066
2082 -25.803430 -24.218982 -24.814531 -26.437940 -45.475036 -46.238066 -47.375068 -46.593275
2083 -24.218982 -22.634535 -23.191122 -24.814531 -46.238066 -47.001096 -48.156860 -47.375068
2084 -26.437940 -24.814531 -25.410080 -27.072451 -46.593275 -47.375068 -48.512069 -47.711514
2085 -24.814531 -23.191122 -23.747709 -25.410080 -47.375068 -48.156860 -49.312625 -48.512069
2086 -27.072451 -25.410080 -26.005628 -27.706961 -47.711514 -48.512069 -49.649071 -48.829752
2087 -25.410080 -23.747709 -24.304296 -26.005628 -48.512069 -49.312625 -50.468390 -49.649071
2088 -27.706961 -26.005628 -26.601177 -28.341472 -48.829752 -49.649071 -50.786073 -49.947991
2089 -26.005628 -24.304296 -24.860882 -26.601177 -49.649071 -50.468390 -51.624154 -50.786073
2090 -28.341472 -26.601177 -27.196726 -28.975983 -49.947991 -50.786073 -51.923074 -51.066229
2091 -26.601177 -24.860882 -25.417469 -27.196726 -50.786073 -51.624154 -52.779919 -51.923074
2092 -28.975983 -27.196726 -27.792275 -29.610493 -51.066229 -51.923074 -53.060076 -52.184468
2093 -27.196726 -25.417469 -25.974056 -27.792275 -51.923074 -52.779919 -53.935684 -53.060076
2094 -22.077948 -20.532462 -21.050087 -22.634535 -45.845331 -46.589598 -47.764125 -47.001096
2095 -20.532462 -18.986977 -19.465640 -21.050087 -46.589598 -47.333864 -48.527155 -47.764125
2096 -22.634535 -21.050087 -21.567712 -23.191122 -47.001096 -47.764125 -48.938653 -48.156860
2097 -21.050087 -19.465640 -19.944303 -21.567712 -47.764125 -48.527155 -49.720446 -48.938653
2098 -23.191122 -21.567712 -22.085338 -23.747709 -48.156860 -48.938653 -50.113181 -49.312625
2099 -21.567712 -19.944303 -20.422966 -22.085338 -48.938653 -49.720446 -50.913737 -50.113181
2100 -23.747709 -22.085338 -22.602963 -24.304296 -49.312625 -50.113181 -51.287708 -50.468390
2101 -22.085338 -20.422966 -20.901630 -22.602963 -50.113181 -50.913737 -52.107027 -51.287708
2102 -24.304296 -22.602963 -23.120588 -24.860882 -50.468390 -51.287708 -52.462236 -51.624154
2103 -22.602963 -20.901630 -21.380293 -23.120588 -51.287708 -52.107027 -53.300318 -52.462236
2104 -24.860882 -23.120588 -23.638213 -25.417469 -51.624154 -52.462236 -53.636764 -52.779919
2105 -23.120588 -21.380293 -21.858956 -23.638213 -52.462236 -53.300318 -54.493609 -53.636764
2106 -25.417469 -23.638213 -24.155838 -25.974056 -52.779919 -53.636764 -54.811291 -53.935684
2107 -23.638213 -21.858956 -22.337620 -24.155838 -53.636764 -54.493609 -55.686899 -54.811291
2108 -18.276765 -16.637614 -17.057050 -18.737524 -47.612602 -48.118213 -49.331277 -48.812919
2109 -16.637614 -14.998463 -15.376576 -17.057050 -48.118213 -48.623824 -49.849635 -49.331277
2110 -18.737524 -17.057050 -17.476486 -19.198283 -48.812919 -49.331277 -50.544341 -50.013237
2111 -17.057050 -15.376576 -15.754688 -17.476486 -49.331277 -49.849635 -51.075445 -50.544341
2112 -19.198283 -17.476486 -17.895921 -19.659042 -50.013237 -50.544341 -51.757405 -51.213555
2113 -17.476486 -15.754688 -16.132801 -17.895921 -50.544341 -51.075445 -52.301256 -51.757405
2114 -19.659042 -17.895921 -18.315357 -20.119801 -51.213555 -51.757405 -52.970470 -52.413873
2115 -17.895921 -16.132801 -16.510913 -18.315357 -51.757405 -52.301256 -53.527067 -52.970470
2116 -20.119801 -18.315357 -18.734793 -20.580559 -52.413873 -52.970470 -54.183534 -53.614190
2117 -18.315357 -16.510913 -16.889026 -18.734793 -52.970470 -53.527067 -54.752877 -54.183534
2118 -20.580559 -18.734793 -19.154228 -21.041318 -53.614190 -54.183534 -55.396598 -54.814508
2119 -18.734793 -16.889026 -17.267139 -19.154228 -54.183534 -54.752877 -55.978688 -55.396598
2120 -21.041318 -19.154228 -19.573664 -21.502077 -54.814508 -55.396598 -56.609662 -56.014826
2121 -19.154228 -17.267139 -17.645251 -19.573664 -55.396598 -55.978688 -57.204499 -56.609662
2122 -14.998463 -13.359312 -13.696102 -15.376576 -48.623824 -49.129435 -50.367992 -49.849635
2123 -13.359312 -11.720161 -12.015628 -13.696102 -49.129435 -49.635046 -50.886350 -50.367992
2124 -15.376576 -13.696102 -14.032891 -15.754688 -49.849635 -50.367992 -51.606550 -51.075445
2125 -13.696102 -12.015628 -12.311094 -14.032891 -50.367992 -50.886350 -52.137654 -51.606550
2126 -15.754688 -14.032891 -14.369681 -16.132801 -51.075445 -51.606550 -52.845107 -52.301256
2127 -14.032891 -12.311094 -12.606560 -14.369681 -51.606550 -52.137654 -53.388957 -52.845107
2128 -16.132801 -14.369681 -14.706470 -16.510913 -52.301256 -52.845107 -54.083664 -53.527067
2129 -14.369681 -12.606560 -12.902026 -14.706470 -52.845107 -53.388957 -54.640261 -54.083664
2130 -16.510913 -14.706470 -15.043259 -16.889026 -53.527067 -54.083664 -55.322221 -54.752877
2131 -14.706470 -12.902026 -13.197493 -15.043259 -54.083664 -54.640261 -55.891565 -55.322221
2132 -16.889026 -15.043259 -15.380049 -17.267139 -54.752877 -55.322221 -56.560778 -55.978688
2133 -15.043259 -13.197493 -13.492959 -15.380049 -55.322221 -55.891565 -57.142868 -56.560778
2134 -17.267139 -15.380049 -15.716838 -17.645251 -55.978688 -56.560778 -57.799335 -57.204499
2135 -15.380049 -13.492959 -13.788425 -15.716838 -56.560778 -57.142868 -58.394172 -57.799335
2136 -10.976339 -9.280139 -9.514092 -11.253053 -49.804819 -50.060480 -51.322509 -51.060403
2137 -9.280139 -7.583938 -7.775130 -9.514092 -50.060480 -50.316141 -51.584615 -51.322509
2138 -11.253053 -9.514092 -9.748045 -11.529768 -51.060403 -51.322509 -52.584538 -52.315986
2139 -9.514092 -7.775130 -7.966321 -9.748045 -51.322509 -51.584615 -52.853089 -52.584538
2140 -11.529768 -9.748045 -9.981998 -11.806482 -52.315986 -52.584538 -53.846567 -53.571570
2141 -9.748045 -7.966321 -8.157513 -9.981998 -52.584538 -52.853089 -54.121563 -53.846567
2142 -11.806482 -9.981998 -10.215951 -12.083197 -53.571570 -53.846567 -55.108596 -54.827154
2143 -9.981998 -8.157513 -8.348705 -10.215951 -53.846567 -54.121563 -55.390038 -55.108596
2144 -12.083197 -10.215951 -10.449904 -12.359911 -54.827154 -55.108596 -56.370624 -56.082737
2145 -10.215951 -8.348705 -8.539897 -10.449904 -55.108596 -55.390038 -56.658512 -56.370624
2146 -12.359911 -10.449904 -10.683857 -12.636626 -56.082737 -56.370624 -57.632653 -57.338321
2147 -10.449904 -8.539897 -8.731088 -10.683857 -56.370624 -56.658512 -57.926986 -57.632653
2148 -12.636626 -10.683857 -10.917810 -12.913340 -57.338321 -57.632653 -58.894682 -58.593905
2149 -10.683857 -8.731088 -8.922280 -10.917810 -57.632653 -57.926986 -59.195460 -58.894682
2150 -7.583938 -5.887738 -6.036168 -7.775130 -50.316141 -50.571802 -51.846722 -51.584615
2151 -5.887738 -4.191537 -4.297206 -6.036168 -50.571802 -50.827463 -52.108828 -51.846722
2152 -7.775130 -6.036168 -6.184598 -7.966321 -51.584615 -51.846722 -53.121641 -52.853089
2153 -6.036168 -4.297206 -4.402875 -6.184598 -51.846722 -52.108828 -53.390192 -53.121641
2154 -7.966321 -6.184598 -6.333029 -8.157513 -52.853089 -53.121641 -54.396560 -54.121563
2155 -6.184598 -4.402875 -4.508544 -6.333029 -53.121641 -53.390192 -54.671557 -54.396560
2156 -8.157513 -6.333029 -6.481459 -8.348705 -54.121563 -54.396560 -55.671480 -55.390038
2157 -6.333029 -4.508544 -4.614213 -6.481459 -54.396560 -54.671557 -55.952922 -55.671480
2158 -8.348705 -6.481459 -6.629889 -8.539897 -55.390038 -55.671480 -56.946399 -56.658512
2159 -6.481459 -4.614213 -4.719882 -6.629889 -55.671480 -55.952922 -57.234286 -56.946399
2160 -8.539897 -6.629889 -6.778320 -8.731088 -56.658512 -56.946399 -58.221318 -57.926986
2161 -6.629889 -4.719882 -4.825551 -6.778320 -56.946399 -57.234286 -58.515651 -58.221318
2162 -8.731088 -6.778320 -6.926750 -8.922280 -57.926986 -58.221318 -59.496238 -59.195460
2163 -6.778320 -4.825551 -4.931220 -6.926750 -58.221318 -58.515651 -59.797016 -59.496238
2164 -3.430719 -1.715360 -1.758604 -3.517208 -50.884479 -50.884479 -52.167281 -52.167281
2165 -1.715360 -0.000000 -0.000000 -1.758604 -50.884479 -50.884479 -52.167281 -52.167281
2166 -3.517208 -1.758604 -1.801848 -3.603697 -52.167281 -52.167281 -53.450083 -53.450083
2167 -1.758604 -0.000000 -0.000000 -1.801848 -52.167281 -52.167281 -53.450083 -53.450083
2168 -3.603697 -1.801848 -1.845093 -3.690185 -53.450083 -53.450083 -54.732885 -54.732885
2169 -1.801848 -0.000000 -0.000000 -1.845093 -53.450083 -53.450083 -54.732885 -54.732885
2170 -3.690185 -1.845093 -1.888337 -3.776674 -54.732885 -54.732885 -56.015687 -56.015687
2171 -1.845093 -0.000000 -0.000000 -1.888337 -54.732885 -54.732885 -56.015687 -56.015687
2172 -3.776674 -1.888337 -1.931581 -3.863163 -56.015687 -56.015687 -57.298489 -57.298489
2173 -1.888337 -0.000000 -0.000000 -1.931581 -56.015687 -56.015687 -57.298489 -57.298489
2174 -3.863163 -1.931581 -1.974826 -3.949652 -57.298489 -57.298489 -58.581291 -58.581291
2175 -1.931581 -0.000000 -0.000000 -1.974826 -57.298489 -57.298489 -58.581291 -58.581291
2176 -3.949652 -1.974826 -2.018070 -4.036140 -58.581291 -58.581291 -59.864093 -59.864093
2177 -1.974826 -0.000000 -0.000000 -2.018070 -58.581291 -58.581291 -59.864093 -59.864093
2178 -0.000000 1.715360 1.758604 -0.000000 -50.884479 -50.884479 -52.167281 -52.167281
2179 1.715360 3.430719 3.517208 1.758604 -50.884479 -50.884479 -52.167281 -52.167281
2180 -0.000000 1.758604 1.801848 -0.000000 -52.167281 -52.167281 -53.450083 -53.450083
2181 1.758604 3.517208 3.603697 1.801848 -52.167281 -52.167281 -53.450083 -53.450083
2182 -0.000000 1.801848 1.845093 -0.000000 -53.450083 -53.450083 -54.732885 -54.732885
2183 1.801848 3.603697 3.690185 1.845093 -53.450083 -53.450083 -54.732885 -54.732885
2184 -0.000000 1.845093 1.888337 -0.000000 -54.732885 -54.732885 -56.015687 -56.015687
2185 1.845093 3.690185 3.776674 1.888337 -54.732885 -54.732885 -56.015687 -56.015687
2186 -0.000000 1.888337 1.931581 -0.000000 -56.015687 -56.015687 -57.298489 -57.298489
2187 1.888337 3.776674 3.863163 1.931581 -56.015687 -56.015687 -57.298489 -57.298489
2188 -0.000000 1.931581 1.974826 -0.000000 -57.298489 -57.298489 -58.581291 -58.581291
2189 1.931581 3.863163 3.949652 1.974826 -57.298489 -57.298489 -58.581291 -58.581291
2190 -0.000000 1.974826 2.018070 -0.000000 -58.581291 -58.581291 -59.864093 -59.864093
2191 1.974826 3.949652 4.036140 2.018070 -58.581291 -58.581291 -59.864093 -59.864093
2192 4.191537 5.887738 6.036168 4.297206 -50.827463 -50.571802 -51.846722 -52.108828
2193 5.887738 7.583938 7.775130 6.036168 -50.571802 -50.316141 -51.584615 -51.846722
2194 4.297206 6.036168 6.184598 4.402875 -52.108828 -51.846722 -53.121641 -53.390192
2195 6.036168 7.775130 7.966321 6.184598 -51.846722 -51.584615 -52.853089 -53.121641
2196 4.402875 6.184598 6.333029 4.508544 -53.390192 -53.121641 -54.396560 -54.671557
2197 6.184598 7.966321 8.157513 6.333029 -53.121641 -52.853089 -54.121563 -54.396560
2198 4.508544 6.333029 6.481459 4.614213 -54.671557 -54.396560 -55.671480 -55.952922
2199 6.333029 8.157513 8.348705 6.481459 -54.396560 -54.121563 -55.390038 -55.671480
2200 4.614213 6.481459 6.629889 4.719882 -55.952922 -55.671480 -56.946399 -57.234286
2201 6.481459 8.348705 8.539897 6.629889 -55.671480 -55.390038 -56.658512 -56.946399
2202 4.719882 6.629889 6.778320 4.825551 -57.234286 -56.946399 -58.221318 -58.515651
2203 6.629889 8.539897 8.731088 6.778320 -56.946399 -56.658512 -57.926986 -58.221318
2204 4.825551 6.778320 6.926750 4.931220 -58.515651 -58.221318 -59.496238 -59.797016
2205 6.778320 8.731088 8.922280 6.926750 -58.221318 -57.926986 -59.195460 -59.496238
2206 7.583938 9.280139 9.514092 7.775130 -50.316141 -50.060480 -51.322509 -51.584615
2207 9.280139 10.976339 11.253053 9.514092 -50.060480 -49.804819 -51.060403 -51.322509
2208 7.775130 9.514092 9.748045 7.966321 -51.584615 -51.322509 -52.584538 -52.853089
2209 9.514092 11.253053 11.529768 9.748045 -51.322509 -51.060403 -52.315986 -52.584538
2210 7.966321 9.748045 9.981998 8.157513 -52.853089 -52.584538 -53.846567 -54.121563
2211 9.748045 11.529768 11.806482 9.981998 -52.584538 -52.315986 -53.571570 -53.846567
2212 8.157513 9.981998 10.215951 8.348705 -54.121563 -53.846567 -55.108596 -55.390038
2213 9.981998 11.806482 12.083197 10.215951 -53.846567 -53.571570 -54.827154 -55.108596
2214 8.348705 10.215951 10.449904 8.539897 -55.390038 -55.108596 -56.370624 -56.658512
2215 10.215951 12.083197 12.359911 10.449904 -55.108596 -54.827154 -56.082737 -56.370624
2216 8.539897 10.449904 10.683857 8.731088 -56.658512 -56.370624 -57.632653 -57.926986
2217 10.449904 12.359911 12.636626 10.683857 -56.370624 -56.082737 -57.338321 -57.632653
2218 8.731088 10.683857 10.917810 8.922280 -57.926986 -57.632653 -58.894682 -59.195460
2219 10.683857 12.636626 12.913340 10.917810 -57.632653 -57.338321 -58.593905 -58.894682
2220 11.720161 13.359312 13.696102 12.015628 -49.635046 -49.129435 -50.367992 -50.886350
2221 13.359312 14.998463 15.376576 13.696102 -49.129435 -48.623824 -49.849635 -50.367992
2222 12.015628 13.696102 14.032891 12.311094 -50.886350 -50.367992 -51.606550 -52.137654
2223 13.696102 15.376576 15.754688 14.032891 -50.367992 -49.849635 -51.075445 -51.606550
2224 12.311094 14.032891 14.369681 12.606560 -52.137654 -51.606550 -52.845107 -53.388957
2225 14.032891 15.754688 16.132801 14.369681 -51.606550 -51.075445 -52.301256 -52.845107
2226 12.606560 14.369681 14.706470 12.902026 -53.388957 -52.845107 -54.083664 -54.640261
2227 14.369681 16.132801 16.510913 14.706470 -52.845107 -52.301256 -53.527067 -54.083664
2228 12.902026 14.706470 15.043259 13.197493 -54.640261 -54.083664 -55.322221 -55.891565
2229 14.706470 16.510913 16.889026 15.043259 -54.083664 -53.527067 -54.752877 -55.322221
2230 13.197493 15.043259 15.380049 13.492959 -55.891565 -55.322221 -56.560778 -57.142868
2231 15.043259 16.889026 17.267139 15.380049 -55.322221 -54.752877 -55.978688 -56.560778
2232 13.492959 15.380049 15.716838 13.788425 -57.142868 -56.560778 -57.799335 -58.394172
2233 15.380049 17.267139 17.645251 15.716838 -56.560778 -55.978688 -57.204499 -57.799335
2234 14.998463 16.637614 17.057050 15.376576 -48.623824 -48.118213 -49.331277 -49.849635
2235 16.637614 18.276765 18.737524 17.057050 -48.118213 -47.612602 -48.812919 -49.331277
2236 15.376576 17.057050 17.476486 15.754688 -49.849635 -49.331277 -50.544341 -51.075445
2237 17.057050 18.737524 19.198283 17.476486 -49.331277 -48.812919 -50.013237 -50.544341
2238 15.754688 17.476486 17.895921 16.132801 -51.075445 -50.544341 -51.757405 -52.301256
2239 17.476486 19.198283 19.659042 17.895921 -50.544341 -50.013237 -51.213555 -51.757405
2240 16.132801 17.895921 18.315357 16.510913 -52.301256 -51.757405 -52.970470 -53.527067
2241 17.895921 19.659042 20.119801 18.315357 -51.757405 -51.213555 -52.413873 -52.970470
2242 16.510913 18.315357 18.734793 16.889026 -53.527067 -52.970470 -54.183534 -54.752877
2243 18.315357 20.119801 20.580559 18.734793 -52.970470 -52.413873 -53.614190 -54.183534
2244 16.889026 18.734793 19.154228 17.267139 -54.752877 -54.183534 -55.396598 -55.978688
2245 18.734793 20.580559 21.041318 19.154228 -54.183534 -53.614190 -54.814508 -55.396598
2246 17.267139 19.154228 19.573664 17.645251 -55.978688 -55.396598 -56.609662 -57.204499
2247 19.154228 21.041318 21.502077 19.573664 -55.396598 -54.814508 -56.014826 -56.609662
2248 18.986977 20.532462 21.050087 19.465640 -47.333864 -46.589598 -47.764125 -48.527155
2249 20.532462 22.077948 22.634535 21.050087 -46.589598 -45.845331 -47.001096 -47.764125
2250 19.465640 21.050087 21.567712 19.944303 -48.527155 -47.764125 -48.938653 -49.720446
2251 21.050087 22.634535 23.191122 21.567712 -47.764125 -47.001096 -48.156860 -48.938653
2252 19.944303 21.567712 22.085338 20.422966 -49.720446 -48.938653 -50.113181 -50.913737
2253 21.567712 23.191122 23.747709 22.085338 -48.938653 -48.156860 -49.312625 -50.113181
2254 20.422966 22.085338 22.602963 20.901630 -50.913737 -50.113181 -51.287708 -52.107027
2255 22.085338 23.747709 24.304296 22.602963 -50.113181 -49.312625 -50.468390 -51.287708
2256 20.901630 22.602963 23.120588 21.380293 -52.107027 -51.287708 -52.462236 -53.300318
2257 22.602963 24.304296 24.860882 23.120588 -51.287708 -50.468390 -51.624154 -52.462236
2258 21.380293 23.120588 23.638213 21.858956 -53.300318 -52.462236 -53.636764 -54.493609
2259 23.120588 24.860882 25.417469 23.638213 -52.462236 -51.624154 -52.779919 -53.636764
2260 21.858956 23.638213 24.155838 22.337620 -54.493609 -53.636764 -54.811291 -55.686899
2261 23.638213 25.417469 25.974056 24.155838 -53.636764 -52.779919 -53.935684 -54.811291
2262 22.077948 23.623433 24.218982 22.634535 -45.845331 -45.101064 -46.238066 -47.001096
2263 23.623433 25.168919 25.803430 24.218982 -45.101064 -44.356798 -45.475036 -46.238066
2264 22.634535 24.218982 24.814531 23.191122 -47.001096 -46.238066 -47.375068 -48.156860
2265 24.218982 25.803430 26.437940 24.814531 -46.238066 -45.475036 -46.593275 -47.375068
2266 23.191122 24.814531 25.410080 23.747709 -48.156860 -47.375068 -48.512069 -49.312625
2267 24.814531 26.437940 27.072451 25.410080 -47.375068 -46.593275 -47.711514 -48.512069
2268 23.747709 25.410080 26.005628 24.304296 -49.312625 -48.512069 -49.649071 -50.468390
2269 25.410080 27.072451 27.706961 26.005628 -48.512069 -47.711514 -48.829752 -49.649071
2270 24.304296 26.005628 26.601177 24.860882 -50.468390 -49.649071 -50.786073 -51.624154
2271 26.005628 27.706961 28.341472 26.601177 -49.649071 -48.829752 -49.947991 -50.786073
2272 24.860882 26.601177 27.196726 25.417469 -51.624154 -50.786073 -51.923074 -52.779919
2273 26.601177 28.341472 28.975983 27.196726 -50.786073 -49.947991 -51.066229 -51.923074
2274 25.417469 27.196726 27.792275 25.974056 -52.779919 -51.923074 -53.060076 -53.935684
2275 27.196726 28.975983 29.610493 27.792275 -51.923074 -51.066229 -52.184468 -53.060076
2276 25.829654 27.246951 27.933849 26.480822 -43.975322 -43.009026 -44.093287 -45.083944
2277 27.246951 28.664247 29.386876 27.933849 -43.009026 -42.042729 -43.102630 -44.093287
2278 26.480822 27.933849 28.620747 27.131990 -45.083944 -44.093287 -45.177548 -46.192565
2279 27.933849 29.386876 30.109504 28.620747 -44.093287 -43.102630 -44.162531 -45.177548
2280 27.131990 28.620747 29.307645 27.783157 -46.192565 -45.177548 -46.261809 -47.301187
2281 28.620747 30.109504 30.832132 29.307645 -45.177548 -44.162531 -45.222431 -46.261809
2282 27.783157 29.307645 29.994542 28.434325 -47.301187 -46.261809 -47.346070 -48.409809
2283 29.307645 30.832132 31.554760 29.994542 -46.261809 -45.222431 -46.282332 -47.346070
2284 28.434325 29.994542 30.681440 29.085493 -48.409809 -47.346070 -48.430332 -49.518430
2285 29.994542 31.554760 32.277388 30.681440 -47.346070 -46.282332 -47.342233 -48.430332
2286 29.085493 30.681440 31.368338 29.736661 -49.518430 -48.430332 -49.514593 -50.627052
2287 30.681440 32.277388 33.000016 31.368338 -48.430332 -47.342233 -48.402134 -49.514593
2288 29.736661 31.368338 32.055236 30.387828 -50.627052 -49.514593 -50.598854 -51.735673
2289 31.368338 33.000016 33.722644 32.055236 -49.514593 -48.402134 -49.462034 -50.598854
2290 28.664247 30.081544 30.839902 29.386876 -42.042729 -41.076433 -42.111973 -43.102630
2291 30.081544 31.498841 32.292929 30.839902 -41.076433 -40.110136 -41.121316 -42.111973
2292 29.386876 30.839902 31.598261 30.109504 -43.102630 -42.111973 -43.147513 -44.162531
2293 30.839902 32.292929 33.087018 31.598261 -42.111973 -41.121316 -42.132496 -43.147513
2294 30.109504 31.598261 32.356619 30.832132 -44.162531 -43.147513 -44.183054 -45.222431
2295 31.598261 33.087018 33.881106 32.356619 -43.147513 -42.132496 -43.143676 -44.183054
2296 30.832132 32.356619 33.114977 31.554760 -45.222431 -44.183054 -45.218594 -46.282332
2297 32.356619 33.881106 34.675194 33.114977 -44.183054 -43.143676 -44.154856 -45.218594
2298 31.554760 33.114977 33.873335 32.277388 -46.282332 -45.218594 -46.254134 -47.342233
2299 33.114977 34.675194 35.469283 33.873335 -45.218594 -44.154856 -45.166036 -46.254134
2300 32.277388 33.873335 34.631694 33.000016 -47.342233 -46.254134 -47.289675 -48.402134
2301 33.873335 35.469283 36.263371 34.631694 -46.254134 -45.166036 -46.177216 -47.289675
2302 33.000016 34.631694 35.390052 33.722644 -48.402134 -47.289675 -48.325215 -49.462034
2303 34.631694 36.263371 37.057460 35.390052 -47.289675 -46.177216 -47.188396 -48.325215
2304 32.095340 33.352788 34.193614 32.904466 -39.634444 -38.467703 -39.437477 -40.633632
2305 33.352788 34.610235 35.482762 34.193614 -38.467703 -37.300962 -38.241323 -39.437477
2306 32.904466 34.193614 35.034441 33.713592 -40.633632 -39.437477 -40.407251 -41.632819
2307 34.193614 35.482762 36.355289 35.034441 -39.437477 -38.241323 -39.181683 -40.407251
2308 33.713592 35.034441 35.875267 34.522719 -41.632819 -40.407251 -41.377025 -42.632007
2309 35.034441 36.355289 37.227816 35.875267 -40.407251 -39.181683 -40.122043 -41.377025
2310 34.522719 35.875267 36.716094 35.331845 -42.632007 -41.377025 -42.346799 -43.631195
2311 35.875267 37.227816 38.100343 36.716094 -41.377025 -40.122043 -41.062404 -42.346799
2312 35.331845 36.716094 37.556920 36.140971 -43.631195 -42.346799 -43.316573 -44.630382
2313 36.716094 38.100343 38.972870 37.556920 -42.346799 -41.062404 -42.002764 -43.316573
2314 36.140971 37.556920 38.397747 36.950097 -44.630382 -43.316573 -44.286347 -45.629570
2315 37.556920 38.972870 39.845397 38.397747 -43.316573 -42.002764 -42.943125 -44.286347
2316 36.950097 38.397747 39.238574 37.759223 -45.629570 -44.286347 -45.256121 -46.628758
2317 38.397747 39.845397 40.717924 39.238574 -44.286347 -42.943125 -43.883485 -45.256121
2318 34.610235 35.867683 36.771910 35.482762 -37.300962 -36.134221 -37.045168 -38.241323
2319 35.867683 37.125130 38.061058 36.771910 -36.134221 -34.967481 -35.849014 -37.045168
2320 35.482762 36.771910 37.676137 36.355289 -38.241323 -37.045168 -37.956115 -39.181683
2321 36.771910 38.061058 38.996986 37.676137 -37.045168 -35.849014 -36.730547 -37.956115
2322 36.355289 37.676137 38.580365 37.227816 -39.181683 -37.956115 -38.867062 -40.122043
2323 37.676137 38.996986 39.932913 38.580365 -37.956115 -36.730547 -37.612080 -38.867062
2324 37.227816 38.580365 39.484592 38.100343 -40.122043 -38.867062 -39.778008 -41.062404
2325 38.580365 39.932913 40.868841 39.484592 -38.867062 -37.612080 -38.493613 -39.778008
2326 38.100343 39.484592 40.388819 38.972870 -41.062404 -39.778008 -40.688955 -42.002764
2327 39.484592 40.868841 41.804769 40.388819 -39.778008 -38.493613 -39.375146 -40.688955
2328 38.972870 40.388819 41.293047 39.845397 -42.002764 -40.688955 -41.599902 -42.943125
2329 40.388819 41.804769 42.740696 41.293047 -40.688955 -39.375146 -40.256679 -41.599902
2330 39.845397 41.293047 42.197274 40.717924 -42.943125 -41.599902 -42.510849 -43.883485
2331 41.293047 42.740696 43.676624 42.197274 -41.599902 -40.256679 -41.138212 -42.510849
2332 37.644069 38.713578 39.689551 38.593079 -34.408198 -33.067076 -33.900699 -35.275631
2333 38.713578 39.783087 40.786022 39.689551 -33.067076 -31.725953 -32.525767 -33.900699
2334 38.593079 39.689551 40.665523 39.542089 -35.275631 -33.900699 -34.734323 -36.143065
2335 39.689551 40.786022 41.788957 40.665523 -33.900699 -32.525767 -33.325581 -34.734323
2336 39.542089 40.665523 41.641496 40.491099 -36.143065 -34.734323 -35.567947 -37.010499
2337 40.665523 41.788957 42.791892 41.641496 -34.734323 -33.325581 -34.125395 -35.567947
2338 40.491099 41.641496 42.617468 41.440109 -37.010499 -35.567947 -36.401571 -37.877932
2339 41.641496 42.791892 43.794827 42.617468 -35.567947 -34.125395 -34.925209 -36.401571
2340 41.440109 42.617468 43.593441 42.389120 -37.877932 -36.401571 -37.235194 -38.745366
2341 42.617468 43.794827 44.797762 43.593441 -36.401571 -34.925209 -35.725023 -37.235194
2342 42.389120 43.593441 44.569413 43.338130 -38.745366 -37.235194 -38.068818 -39.612799
2343 43.593441 44.797762 45.800697 44.569413 -37.235194 -35.725023 -36.524837 -38.068818
2344 43.338130 44.569413 45.545386 44.287140 -39.612799 -38.068818 -38.902442 -40.480233
2345 44.569413 45.800697 46.803632 45.545386 -38.068818 -36.524837 -37.324651 -38.902442
2346 39.783087 40.852597 41.882494 40.786022 -31.725953 -30.384831 -31.150835 -32.525767
2347 40.852597 41.922106 42.978966 41.882494 -30.384831 -29.043709 -29.775903 -31.150835
2348 40.786022 41.882494 42.912391 41.788957 -32.525767 -31.150835 -31.916840 -33.325581
2349 41.882494 42.978966 44.035825 42.912391 -31.150835 -29.775903 -30.508098 -31.916840
2350 41.788957 42.912391 43.942289 42.791892 -33.325581 -31.916840 -32.682844 -34.125395
2351 42.912391 44.035825 45.092685 43.942289 -31.916840 -30.508098 -31.240292 -32.682844
2352 42.791892 43.942289 44.972186 43.794827 -34.125395 -32.682844 -33.448848 -34.925209
2353 43.942289 45.092685 46.149545 44.972186 -32.682844 -31.240292 -31.972487 -33.448848
2354 43.794827 44.972186 46.002084 44.797762 -34.925209 -33.448848 -34.214852 -35.725023
2355 44.972186 46.149545 47.206405 46.002084 -33.448848 -31.972487 -32.704681 -34.214852
2356 44.797762 46.002084 47.031981 45.800697 -35.725023 -34.214852 -34.980856 -36.524837
2357 46.002084 47.206405 48.263265 47.031981 -34.214852 -32.704681 -33.436875 -34.980856
2358 45.800697 47.031981 48.061878 46.803632 -36.524837 -34.980856 -35.746860 -37.324651
2359 47.031981 48.263265 49.320125 48.061878 -34.980856 -33.436875 -34.169070 -35.746860
2360 42.351892 43.209571 44.298888 43.419586 -28.413329 -26.927784 -27.606636 -29.129632
2361 43.209571 44.067251 45.178190 44.298888 -26.927784 -25.442239 -26.083640 -27.606636
2362 43.419586 44.298888 45.388205 44.487281 -29.129632 -27.606636 -28.285488 -29.845934
2363 44.298888 45.178190 46.289129 45.388205 -27.606636 -26.083640 -26.725041 -28.285488
2364 44.487281 45.388205 46.477522 45.554976 -29.845934 -28.285488 -28.964339 -30.562237
2365 45.388205 46.289129 47.400068 46.477522 -28.285488 -26.725041 -27.366442 -28.964339
2366 45.554976 46.477522 47.566839 46.622670 -30.562237 -28.964339 -29.643191 -31.278539
2367 46.477522 47.400068 48.511008 47.566839 -28.964339 -27.366442 -28.007843 -29.643191
2368 46.622670 47.566839 48.656156 47.690365 -31.278539 -29.643191 -30.322043 -31.994841
2369 47.566839 48.511008 49.621947 48.656156 -29.643191 -28.007843 -28.649244 -30.322043
2370 47.690365 48.656156 49.745473 48.758060 -31.994841 -30.322043 -31.000895 -32.711144
2371 48.656156 49.621947 50.732886 49.745473 -30.322043 -28.649244 -29.290645 -31.000895
2372 48.758060 49.745473 50.834790 49.825755 -32.711144 -31.000895 -31.679746 -33.427446
2373 49.745473 50.732886 51.843825 50.834790 -31.000895 -29.290645 -29.932046 -31.679746
2374 44.067251 44.924931 46.057492 45.178190 -25.442239 -23.956694 -24.560645 -26.083640
2375 44.924931 45.782611 46.936794 46.057492 -23.956694 -22.471149 -23.037649 -24.560645
2376 45.178190 46.057492 47.190054 46.289129 -26.083640 -24.560645 -25.164595 -26.725041
2377 46.057492 46.936794 48.090978 47.190054 -24.560645 -23.037649 -23.604148 -25.164595
2378 46.289129 47.190054 48.322615 47.400068 -26.725041 -25.164595 -25.768545 -27.366442
2379 47.190054 48.090978 49.245161 48.322615 -25.164595 -23.604148 -24.170648 -25.768545
2380 47.400068 48.322615 49.455176 48.511008 -27.366442 -25.768545 -26.372495 -28.007843
2381 48.322615 49.245161 50.399345 49.455176 -25.768545 -24.170648 -24.737148 -26.372495
2382 48.511008 49.455176 50.587737 49.621947 -28.007843 -26.372495 -26.976446 -28.649244
2383 49.455176 50.399345 51.553528 50.587737 -26.372495 -24.737148 -25.303647 -26.976446
2384 49.621947 50.587737 51.720299 50.732886 -28.649244 -26.976446 -27.580396 -29.290645
2385 50.587737 51.553528 52.707712 51.720299 -26.976446 -25.303647 -25.870147 -27.580396
2386 50.732886 51.720299 52.852860 51.843825 -29.290645 -27.580396 -28.184346 -29.932046
2387 51.720299 52.707712 53.861895 52.852860 -27.580396 -25.870147 -26.436646 -28.184346
2388 46.113643 46.740334 47.918662 47.276172 -21.783754 -20.186971 -20.695886 -22.332924
2389 46.740334 47.367025 48.561152 47.918662 -20.186971 -18.590188 -19.058848 -20.695886
2390 47.276172 47.918662 49.096990 48.438700 -22.332924 -20.695886 -21.204801 -22.882095
2391 47.918662 48.561152 49.755279 49.096990 -20.695886 -19.058848 -19.527508 -21.204801
2392 48.438700 49.096990 50.275317 49.601229 -22.882095 -21.204801 -21.713716 -23.431265
2393 49.096990 49.755279 50.949405 50.275317 -21.204801 -19.527508 -19.996168 -21.713716
2394 49.601229 50.275317 51.453645 50.763758 -23.431265 -21.713716 -22.222632 -23.980435
2395 50.275317 50.949405 52.143532 51.453645 -21.713716 -19.996168 -20.464828 -22.222632
2396 50.763758 51.453645 52.631973 51.926287 -23.980435 -22.222632 -22.731547 -24.529605
2397 51.453645 52.143532 53.337659 52.631973 -22.222632 -20.464828 -20.933488 -22.731547
2398 51.926287 52.631973 53.810301 53.088816 -24.529605 -22.731547 -23.240462 -25.078776
2399 52.631973 53.337659 54.531786 53.810301 -22.731547 -20.933488 -21.402149 -23.240462
2400 53.088816 53.810301 54.988628 54.251345 -25.078776 -23.240462 -23.749377 -25.627946
2401 53.810301 54.531786 55.725912 54.988628 -23.240462 -21.402149 -21.870809 -23.749377
2402 47.367025 47.993717 49.203642 48.561152 -18.590188 -16.993404 -17.421809 -19.058848
2403 47.993717 48.620408 49.846132 49.203642 -16.993404 -15.396621 -15.784771 -17.421809
2404 48.561152 49.203642 50.413568 49.755279 -19.058848 -17.421809 -17.850215 -19.527508
2405 49.203642 49.846132 51.071857 50.413568 -17.421809 -15.784771 -16.172921 -17.850215
2406 49.755279 50.413568 51.623494 50.949405 -19.527508 -17.850215 -18.278620 -19.996168
2407 50.413568 51.071857 52.297582 51.623494 -17.850215 -16.172921 -16.561071 -18.278620
2408 50.949405 51.623494 52.833419 52.143532 -19.996168 -18.278620 -18.707025 -20.464828
2409 51.623494 52.297582 53.523306 52.833419 -18.278620 -16.561071 -16.949221 -18.707025
2410 52.143532 52.833419 54.043345 53.337659 -20.464828 -18.707025 -19.135430 -20.933488
2411 52.833419 53.523306 54.749031 54.043345 -18.707025 -16.949221 -17.337372 -19.135430
2412 53.337659 54.043345 55.253270 54.531786 -20.933488 -19.135430 -19.563835 -21.402149
2413 54.043345 54.749031 55.974755 55.253270 -19.135430 -17.337372 -17.725522 -19.563835
2414 54.531786 55.253270 56.463196 55.725912 -21.402149 -19.563835 -19.992240 -21.870809
2415 55.253270 55.974755 57.200480 56.463196 -19.563835 -17.725522 -18.113672 -19.992240
2416 48.845292 49.226995 50.468012 50.076686 -14.667566 -12.995214 -13.322824 -15.037336
2417 49.226995 49.608699 50.859338 50.468012 -12.995214 -11.322862 -11.608312 -13.322824
2418 50.076686 50.468012 51.709028 51.308079 -15.037336 -13.322824 -13.650435 -15.407107
2419 50.468012 50.859338 52.109977 51.709028 -13.322824 -11.608312 -11.893762 -13.650435
2420 51.308079 51.709028 52.950045 52.539473 -15.407107 -13.650435 -13.978045 -15.776877
2421 51.709028 52.109977 53.360617 52.950045 -13.650435 -11.893762 -12.179213 -13.978045
2422 52.539473 52.950045 54.191062 53.770867 -15.776877 -13.978045 -14.305655 -16.146648
2423 52.950045 53.360617 54.611256 54.191062 -13.978045 -12.179213 -12.464663 -14.305655
2424 53.770867 54.191062 55.432078 55.002261 -16.146648 -14.305655 -14.633266 -16.516419
2425 54.191062 54.611256 55.861896 55.432078 -14.305655 -12.464663 -12.750113 -14.633266
2426 55.002261 55.432078 56.673095 56.233655 -16.516419 -14.633266 -14.960876 -16.886189
2427 55.432078 55.861896 57.112535 56.673095 -14.633266 -12.750113 -13.035563 -14.960876
2428 56.233655 56.673095 57.914112 57.465049 -16.886189 -14.960876 -15.288487 -17.255960
2429 56.673095 57.112535 58.363175 57.914112 -14.960876 -13.035563 -13.321014 -15.288487
2430 49.608699 49.990402 51.250664 50.859338 -11.322862 -9.650510 -9.893800 -11.608312
2431 49.990402 50.372105 51.641990 51.250664 -9.650510 -7.978158 -8.179288 -9.893800
2432 50.859338 51.250664 52.510926 52.109977 -11.608312 -9.893800 -10.137090 -11.893762
2433 51.250664 51.641990 52.911875 52.510926 -9.893800 -8.179288 -8.380418 -10.137090
2434 52.109977 52.510926 53.771189 53.360617 -11.893762 -10.137090 -10.380380 -12.179213
2435 52.510926 52.911875 54.181760 53.771189 -10.137090 -8.380418 -8.581548 -10.380380
2436 53.360617 53.771189 55.031451 54.611256 -12.179213 -10.380380 -10.623670 -12.464663
2437 53.771189 54.181760 55.451645 55.031451 -10.380380 -8.581548 -8.782678 -10.623670
2438 54.611256 55.031451 56.291713 55.861896 -12.464663 -10.623670 -10.866961 -12.750113
2439 55.031451 55.451645 56.721530 56.291713 -10.623670 -8.782678 -8.983808 -10.866961
2440 55.861896 56.291713 57.551975 57.112535 -12.750113 -10.866961 -11.110251 -13.035563
2441 56.291713 56.721530 57.991415 57.551975 -10.866961 -8.983808 -9.184938 -11.110251
2442 57.112535 57.551975 58.812238 58.363175 -13.035563 -11.110251 -11.353541 -13.321014
2443 57.551975 57.991415 59.261300 58.812238 -11.110251 -9.184938 -9.386068 -11.353541
2444 50.485817 50.614006 51.889990 51.758569 -7.223728 -5.513165 -5.652152 -7.405839
2445 50.614006 50.742195 52.021410 51.889990 -5.513165 -3.802602 -3.898466 -5.652152
2446 51.758569 51.889990 53.165973 53.031321 -7.405839 -5.652152 -5.791140 -7.587950
2447 51.889990 52.021410 53.300625 53.165973 -5.652152 -3.898466 -3.994330 -5.791140
2448 53.031321 53.165973 54.441956 54.304072 -7.587950 -5.791140 -5.930127 -7.770061
2449 53.165973 53.300625 54.579840 54.441956 -5.791140 -3.994330 -4.090194 -5.930127
2450 54.304072 54.441956 55.717940 55.576824 -7.770061 -5.930127 -6.069114 -7.952171
2451 54.441956 54.579840 55.859055 55.717940 -5.930127 -4.090194 -4.186057 -6.069114
2452 55.576824 55.717940 56.993923 56.849576 -7.952171 -6.069114 -6.208102 -8.134282
2453 55.717940 55.859055 57.138270 56.993923 -6.069114 -4.186057 -4.281921 -6.208102
2454 56.849576 56.993923 58.269906 58.122328 -8.134282 -6.208102 -6.347089 -8.316393
2455 56.993923 57.138270 58.417485 58.269906 -6.208102 -4.281921 -4.377785 -6.347089
2456 58.122328 58.269906 59.545890 59.395079 -8.316393 -6.347089 -6.486076 -8.498504
2457 58.269906 58.417485 59.696700 59.545890 -6.347089 -4.377785 -4.473649 -6.486076
2458 50.742195 50.870384 52.152831 52.021410 -3.802602 -2.092039 -2.144779 -3.898466
2459 50.870384 50.998573 52.284252 52.152831 -2.092039 -0.381476 -0.391093 -2.144779
2460 52.021410 52.152831 53.435278 53.300625 -3.898466 -2.144779 -2.197520 -3.994330
2461 52.152831 52.284252 53.569930 53.435278 -2.144779 -0.391093 -0.400710 -2.197520
2462 53.300625 53.435278 54.717724 54.579840 -3.994330 -2.197520 -2.250260 -4.090194
2463 53.435278 53.569930 54.855608 54.717724 -2.197520 -0.400710 -0.410327 -2.250260
2464 54.579840 54.717724 56.000171 55.859055 -4.090194 -2.250260 -2.303001 -4.186057
2465 54.717724 54.855608 56.141287 56.000171 -2.250260 -0.410327 -0.419944 -2.303001
2466 55.859055 56.000171 57.282618 57.138270 -4.186057 -2.303001 -2.355741 -4.281921
2467 56.000171 56.141287 57.426965 57.282618 -2.303001 -0.419944 -0.429561 -2.355741
2468 57.138270 57.282618 58.565064 58.417485 -4.281921 -2.355741 -2.408482 -4.377785
2469 57.282618 57.426965 58.712643 58.565064 -2.355741 -0.429561 -0.439178 -2.408482
2470 58.417485 58.565064 59.847511 59.696700 -4.377785 -2.408482 -2.461222 -4.473649
2471 58.565064 58.712643 59.998322 59.847511 -2.408482 -0.439178 -0.448795 -2.461222
2472 60.398706 60.282426 61.565638 61.684393 0.395314 2.169406 2.215585 0.403729
2473 60.282426 60.166146 61.446882 61.565638 2.169406 3.943498 4.027441 2.215585
2474 61.684393 61.565638 62.848849 62.970080 0.403729 2.215585 2.261765 0.412144
2475 61.565638 61.446882 62.727619 62.848849 2.215585 4.027441 4.111385 2.261765
2476 62.970080 62.848849 64.132061 64.255767 0.412144 2.261765 2.307944 0.420559
2477 62.848849 62.727619 64.008355 64.132061 2.261765 4.111385 4.195329 2.307944
2478 64.255767 64.132061 65.415272 65.541453 0.420559 2.307944 2.354124 0.428974
2479 64.132061 64.008355 65.289091 65.415272 2.307944 4.195329 4.279273 2.354124
2480 65.541453 65.415272 66.698484 66.827140 0.428974 2.354124 2.400303 0.437389
2481 65.415272 65.289091 66.569828 66.698484 2.354124 4.279273 4.363217 2.400303
2482 66.827140 66.698484 67.981695 68.112827 0.437389 2.400303 2.446482 0.445804
2483 66.698484 66.569828 67.850564 67.981695 2.400303 4.363217 4.447161 2.446482
2484 68.112827 67.981695 69.264907 69.398514 0.445804 2.446482 2.492662 0.454219
2485 67.981695 67.850564 69.131300 69.264907 2.446482 4.447161 4.531105 2.492662
2486 60.166146 60.049866 61.328127 61.446882 3.943498 5.717589 5.839298 4.027441
2487 60.049866 59.933586 61.209372 61.328127 5.717589 7.491681 7.651154 5.839298
2488 61.446882 61.328127 62.606388 62.727619 4.027441 5.839298 5.961006 4.111385
2489 61.328127 61.209372 62.485158 62.606388 5.839298 7.651154 7.810627 5.961006
2490 62.727619 62.606388 63.884649 64.008355 4.111385 5.961006 6.082714 4.195329
2491 62.606388 62.485158 63.760944 63.884649 5.961006 7.810627 7.970099 6.082714
2492 64.008355 63.884649 65.162910 65.289091 4.195329 6.082714 6.204423 4.279273
2493 63.884649 63.760944 65.036729 65.162910 6.082714 7.970099 8.129572 6.204423
2494 65.289091 65.162910 66.441172 66.569828 4.279273 6.204423 6.326131 4.363217
2495 65.162910 65.036729 66.312515 66.441172 6.204423 8.129572 8.289045 6.326131
2496 66.569828 66.441172 67.719433 67.850564 4.363217 6.326131 6.447839 4.447161
2497 66.441172 66.312515 67.588301 67.719433 6.326131 8.289045 8.448518 6.447839
2498 67.850564 67.719433 68.997694 69.131300 4.447161 6.447839 6.569548 4.531105
2499 67.719433 67.588301 68.864087 68.997694 6.447839 8.448518 8.607991 6.569548
2500 59.830388 59.483537 60.749743 61.103977 8.275545 10.019282 10.232559 8.451704
2501 59.483537 59.136687 60.395509 60.749743 10.019282 11.763018 12.013414 10.232559
2502 61.103977 60.749743 62.015949 62.377566 8.451704 10.232559 10.445836 8.627863
2503 60.749743 60.395509 61.654332 62.015949 10.232559 12.013414 12.263809 10.445836
2504 62.377566 62.015949 63.282155 63.651156 8.627863 10.445836 10.659113 8.804022
2505 62.015949 61.654332 62.913154 63.282155 10.445836 12.263809 12.514204 10.659113
2506 63.651156 63.282155 64.548361 64.924745 8.804022 10.659113 10.872390 8.980180
2507 63.282155 62.913154 64.171977 64.548361 10.659113 12.514204 12.764600 10.872390
2508 64.924745 64.548361 65.814567 66.198334 8.980180 10.872390 11.085667 9.156339
2509 64.548361 64.171977 65.430799 65.814567 10.872390 12.764600 13.014995 11.085667
2510 66.198334 65.814567 67.080773 67.471923 9.156339 11.085667 11.298944 9.332498
2511 65.814567 65.430799 66.689622 67.080773 11.085667 13.014995 13.265391 11.298944
2512 67.471923 67.080773 68.346978 68.745512 9.332498 11.298944 11.512221 9.508657
2513 67.080773 66.689622 67.948445 68.346978 11.298944 13.265391 13.515786 11.512221
2514 59.136687 58.789836 60.041275 60.395509 11.763018 13.506755 13.794269 12.013414
2515 58.789836 58.442985 59.687041 60.041275 13.506755 15.250491 15.575123 13.794269
2516 60.395509 60.041275 61.292714 61.654332 12.013414 13.794269 14.081782 12.263809
2517 60.041275 59.687041 60.931097 61.292714 13.794269 15.575123 15.899755 14.081782
2518 61.654332 61.292714 62.544154 62.913154 12.263809 14.081782 14.369296 12.514204
2519 61.292714 60.931097 62.175153 62.544154 14.081782 15.899755 16.224387 14.369296
2520 62.913154 62.544154 63.795593 64.171977 12.514204 14.369296 14.656810 12.764600
2521 62.544154 62.175153 63.419209 63.795593 14.369296 16.224387 16.549019 14.656810
2522 64.171977 63.795593 65.047032 65.430799 12.764600 14.656810 14.944323 13.014995
2523 63.795593 63.419209 64.663265 65.047032 14.656810 16.549019 16.873651 14.944323
2524 65.430799 65.047032 66.298472 66.689622 13.014995 14.944323 15.231837 13.265391
2525 65.047032 64.663265 65.907321 66.298472 14.944323 16.873651 17.198283 15.231837
2526 66.689622 66.298472 67.549911 67.948445 13.265391 15.231837 15.519351 13.515786
2527 66.298472 65.907321 67.151377 67.549911 15.231837 17.198283 17.522915 15.519351
2528 58.238355 57.666869 58.894404 59.478056 16.014180 17.697725 18.074451 16.355068
2529 57.666869 57.095382 58.310752 58.894404 17.697725 19.381271 19.793833 18.074451
2530 59.478056 58.894404 60.121939 60.717756 16.355068 18.074451 18.451176 16.695957
2531 58.894404 58.310752 59.526122 60.121939 18.074451 19.793833 20.206396 18.451176
2532 60.717756 60.121939 61.349474 61.957456 16.695957 18.451176 18.827902 17.036845
2533 60.121939 59.526122 60.741492 61.349474 18.451176 20.206396 20.618958 18.827902
2534 61.957456 61.349474 62.577009 63.197156 17.036845 18.827902 19.204627 17.377733
2535 61.349474 60.741492 61.956862 62.577009 18.827902 20.618958 21.031521 19.204627
2536 63.197156 62.577009 63.804544 64.436856 17.377733 19.204627 19.581353 17.718622
2537 62.577009 61.956862 63.172232 63.804544 19.204627 21.031521 21.444083 19.581353
2538 64.436856 63.804544 65.032079 65.676556 17.718622 19.581353 19.958078 18.059510
2539 63.804544 63.172232 64.387602 65.032079 19.581353 21.444083 21.856646 19.958078
2540 65.676556 65.032079 66.259614 66.916256 18.059510 19.958078 20.334803 18.400399
2541 65.032079 64.387602 65.602972 66.259614 19.958078 21.856646 22.269208 20.334803
2542 57.095382 56.523895 57.727100 58.310752 19.381271 21.064816 21.513216 19.793833
2543 56.523895 55.952409 57.143449 57.727100 21.064816 22.748362 23.232598 21.513216
2544 58.310752 57.727100 58.930305 59.526122 19.793833 21.513216 21.961615 20.206396
2545 57.727100 57.143449 58.334489 58.930305 21.513216 23.232598 23.716835 21.961615
2546 59.526122 58.930305 60.133510 60.741492 20.206396 21.961615 22.410015 20.618958
2547 58.930305 58.334489 59.525529 60.133510 21.961615 23.716835 24.201071 22.410015
2548 60.741492 60.133510 61.336715 61.956862 20.618958 22.410015 22.858414 21.031521
2549 60.133510 59.525529 60.716568 61.336715 22.410015 24.201071 24.685308 22.858414
2550 61.956862 61.336715 62.539920 63.172232 21.031521 22.858414 23.306814 21.444083
2551 61.336715 60.716568 61.907608 62.539920 22.858414 24.685308 25.169545 23.306814
2552 63.172232 62.539920 63.743125 64.387602 21.444083 23.306814 23.755214 21.856646
2553 62.539920 61.907608 63.098648 63.743125 23.306814 25.169545 25.653781 23.755214
2554 64.387602 63.743125 64.946330 65.602972 21.856646 23.755214 24.203613 22.269208
2555 63.743125 63.098648 64.289688 64.946330 23.755214 25.653781 26.138018 24.203613
2556 55.649848 54.863504 56.031365 56.834448 23.478807 25.073355 25.607083 23.978592
2557 54.863504 54.077160 55.228282 56.031365 25.073355 26.667904 27.235575 25.607083
2558 56.834448 56.031365 57.199226 58.019047 23.978592 25.607083 26.140811 24.478378
2559 56.031365 55.228282 56.379404 57.199226 25.607083 27.235575 27.803245 26.140811
2560 58.019047 57.199226 58.367086 59.203647 24.478378 26.140811 26.674540 24.978163
2561 57.199226 56.379404 57.530526 58.367086 26.140811 27.803245 28.370916 26.674540
2562 59.203647 58.367086 59.534947 60.388246 24.978163 26.674540 27.208268 25.477949
2563 58.367086 57.530526 58.681648 59.534947 26.674540 28.370916 28.938586 27.208268
2564 60.388246 59.534947 60.702808 61.572845 25.477949 27.208268 27.741996 25.977734
2565 59.534947 58.681648 59.832770 60.702808 27.208268 28.938586 29.506257 27.741996
2566 61.572845 60.702808 61.870669 62.757445 25.977734 27.741996 28.275724 26.477519
2567 60.702808 59.832770 60.983893 61.870669 27.741996 29.506257 30.073928 28.275724
2568 62.757445 61.870669 63.038529 63.942044 26.477519 28.275724 28.809452 26.977305
2569 61.870669 60.983893 62.135015 63.038529 28.275724 30.073928 30.641598 28.809452
2570 54.077160 53.290815 54.425199 55.228282 26.667904 28.262452 28.864066 27.235575
2571 53.290815 52.504471 53.622116 54.425199 28.262452 29.857001 30.492557 28.864066
2572 55.228282 54.425199 55.559582 56.379404 27.235575 28.864066 29.465679 27.803245
2573 54.425199 53.622116 54.739761 55.559582 28.864066 30.492557 31.128113 29.465679
2574 56.379404 55.559582 56.693966 57.530526 27.803245 29.465679 30.067292 28.370916
2575 55.559582 54.739761 55.857406 56.693966 29.465679 31.128113 31.763668 30.067292
2576 57.530526 56.693966 57.828349 58.681648 28.370916 30.067292 30.668905 28.938586
2577 56.693966 55.857406 56.975051 57.828349 30.067292 31.763668 32.399224 30.668905
2578 58.681648 57.828349 58.962733 59.832770 28.938586 30.668905 31.270519 29.506257
2579 57.828349 56.975051 58.092695 58.962733 30.668905 32.399224 33.034780 31.270519
2580 59.832770 58.962733 60.097116 60.983893 29.506257 31.270519 31.872132 30.073928
2581 58.962733 58.092695 59.210340 60.097116 31.270519 33.034780 33.670336 31.872132
2582 60.983893 60.097116 61.231500 62.135015 30.073928 31.872132 32.473745 30.641598
2583 60.097116 59.210340 60.327985 61.231500 31.872132 33.670336 34.305892 32.473745
2584 52.109157 51.121410 52.209614 53.218387 30.541705 32.019974 32.701572 31.191836
2585 51.121410 50.133662 51.200840 52.209614 32.019974 33.498242 34.211308 32.701572
2586 53.218387 52.209614 53.297818 54.327617 31.191836 32.701572 33.383170 31.841967
2587 52.209614 51.200840 52.268019 53.297818 32.701572 34.211308 34.924374 33.383170
2588 54.327617 53.297818 54.386022 55.436847 31.841967 33.383170 34.064769 32.492098
2589 53.297818 52.268019 53.335197 54.386022 33.383170 34.924374 35.637439 34.064769
2590 55.436847 54.386022 55.474226 56.546077 32.492098 34.064769 34.746367 33.142229
2591 54.386022 53.335197 54.402375 55.474226 34.064769 35.637439 36.350505 34.746367
2592 56.546077 55.474226 56.562430 57.655307 33.142229 34.746367 35.427965 33.792360
2593 55.474226 54.402375 55.469553 56.562430 34.746367 36.350505 37.063571 35.427965
2594 57.655307 56.562430 57.650634 58.764536 33.792360 35.427965 36.109564 34.442491
2595 56.562430 55.469553 56.536732 57.650634 35.427965 37.063571 37.776636 36.109564
2596 58.764536 57.650634 58.738838 59.873766 34.442491 36.109564 36.791162 35.092622
2597 57.650634 56.536732 57.603910 58.738838 36.109564 37.776636 38.489702 36.791162
2598 50.133662 49.145915 50.192067 51.200840 33.498242 34.976511 35.721044 34.211308
2599 49.145915 48.158167 49.183294 50.192067 34.976511 36.454779 37.230779 35.721044
2600 51.200840 50.192067 51.238220 52.268019 34.211308 35.721044 36.465577 34.924374
2601 50.192067 49.183294 50.208421 51.238220 35.721044 37.230779 38.006780 36.465577
2602 52.268019 51.238220 52.284372 53.335197 34.924374 36.465577 37.210110 35.637439
2603 51.238220 50.208421 51.233547 52.284372 36.465577 38.006780 38.782780 37.210110
2604 53.335197 52.284372 53.330524 54.402375 35.637439 37.210110 37.954643 36.350505
2605 52.284372 51.233547 52.258674 53.330524 37.210110 38.782780 39.558781 37.954643
2606 54.402375 53.330524 54.376677 55.469553 36.350505 37.954643 38.699176 37.063571
2607 53.330524 52.258674 53.283800 54.376677 37.954643 39.558781 40.334781 38.699176
2608 55.469553 54.376677 55.422829 56.536732 37.063571 38.699176 39.443709 37.776636
2609 54.376677 53.283800 54.308927 55.422829 38.699176 40.334781 41.110782 39.443709
2610 56.536732 55.422829 56.468982 57.603910 37.776636 39.443709 40.188242 38.489702
2611 55.422829 54.308927 55.334053 56.468982 39.443709 41.110782 41.886782 40.188242
2612 47.676863 46.504614 47.494541 48.691745 37.082027 38.418721 39.236528 37.871379
2613 46.504614 45.332364 46.297338 47.494541 38.418721 39.755416 40.601676 39.236528
2614 48.691745 47.494541 48.484469 49.706626 37.871379 39.236528 40.054334 38.660732
2615 47.494541 46.297338 47.262313 48.484469 39.236528 40.601676 41.447936 40.054334
2616 49.706626 48.484469 49.474397 50.721507 38.660732 40.054334 40.872140 39.450084
2617 48.484469 47.262313 48.227288 49.474397 40.054334 41.447936 42.294196 40.872140
2618 50.721507 49.474397 50.464325 51.736388 39.450084 40.872140 41.689946 40.239437
2619 49.474397 48.227288 49.192262 50.464325 40.872140 42.294196 43.140456 41.689946
2620 51.736388 50.464325 51.454253 52.751269 40.239437 41.689946 42.507753 41.028789
2621 50.464325 49.192262 50.157237 51.454253 41.689946 43.140456 43.986716 42.507753
2622 52.751269 51.454253 52.444181 53.766151 41.028789 42.507753 43.325559 41.818142
2623 51.454253 50.157237 51.122212 52.444181 42.507753 43.986716 44.832976 43.325559
2624 53.766151 52.444181 53.434109 54.781032 41.818142 43.325559 44.143365 42.607494
2625 52.444181 51.122212 52.087186 53.434109 43.325559 44.832976 45.679236 44.143365
2626 45.332364 44.160114 45.100135 46.297338 39.755416 41.092111 41.966825 40.601676
2627 44.160114 42.987864 43.902932 45.100135 41.092111 42.428805 43.331973 41.966825
2628 46.297338 45.100135 46.040157 47.262313 40.601676 41.966825 42.841538 41.447936
2629 45.100135 43.902932 44.818000 46.040157 41.966825 43.331973 44.235141 42.841538
2630 47.262313 46.040157 46.980178 48.227288 41.447936 42.841538 43.716252 42.294196
2631 46.040157 44.818000 45.733068 46.980178 42.841538 44.235141 45.138308 43.716252
2632 48.227288 46.980178 47.920199 49.192262 42.294196 43.716252 44.590966 43.140456
2633 46.980178 45.733068 46.648136 47.920199 43.716252 45.138308 46.041476 44.590966
2634 49.192262 47.920199 48.860221 50.157237 43.140456 44.590966 45.465680 43.986716
2635 47.920199 46.648136 47.563205 48.860221 44.590966 46.041476 46.944643 45.465680
2636 50.157237 48.860221 49.800242 51.122212 43.986716 45.465680 46.340394 44.832976
2637 48.860221 47.563205 48.478273 49.800242 45.465680 46.944643 47.847811 46.340394
2638 51.122212 49.800242 50.740263 52.087186 44.832976 46.340394 47.215107 45.679236
2639 49.800242 48.478273 49.393341 50.740263 46.340394 47.847811 48.750978 47.215107
2640 42.428805 41.092111 41.966825 43.331973 42.987864 44.160114 45.100135 43.902932
2641 41.092111 39.755416 40.601676 41.966825 44.160114 45.332364 46.297338 45.100135
2642 43.331973 41.966825 42.841538 44.235141 43.902932 45.100135 46.040157 44.818000
2643 41.966825 40.601676 41.447936 42.841538 45.100135 46.297338 47.262313 46.040157
2644 44.235141 42.841538 43.716252 45.138308 44.818000 46.040157 46.980178 45.733068
2645 42.841538 41.447936 42.294196 43.716252 46.040157 47.262313 48.227288 46.980178
2646 45.138308 43.716252 44.590966 46.041476 45.733068 46.980178 47.920199 46.648136
2647 43.716252 42.294196 43.140456 44.590966 46.980178 48.227288 49.192262 47.920199
2648 46.041476 44.590966 45.465680 46.944643 46.648136 47.920199 48.860221 47.563205
2649 44.590966 43.140456 43.986716 45.465680 47.920199 49.192262 50.157237 48.860221
2650 46.944643 45.465680 46.340394 47.847811 47.563205 48.860221 49.800242 48.478273
2651 45.465680 43.986716 44.832976 46.340394 48.860221 50.157237 51.122212 49.800242
2652 47.847811 46.340394 47.215107 48.750978 48.478273 49.800242 50.740263 49.393341
2653 46.340394 44.832976 45.679236 47.215107 49.800242 51.122212 52.087186 50.740263
2654 39.755416 38.418721 39.236528 40.601676 45.332364 46.504614 47.494541 46.297338
2655 38.418721 37.082027 37.871379 39.236528 46.504614 47.676863 48.691745 47.494541
2656 40.601676 39.236528 40.054334 41.447936 46.297338 47.494541 48.484469 47.262313
2657 39.236528 37.871379 38.660732 40.054334 47.494541 48.691745 49.706626 48.484469
2658 41.447936 40.054334 40.872140 42.294196 47.262313 48.484469 49.474397 48.227288
2659 40.054334 38.660732 39.450084 40.872140 48.484469 49.706626 50.721507 49.474397
2660 42.294196 40.872140 41.689946 43.140456 48.227288 49.474397 50.464325 49.192262
2661 40.872140 39.450084 40.239437 41.689946 49.474397 50.721507 51.736388 50.464325
2662 43.140456 41.689946 42.507753 43.986716 49.192262 50.464325 51.454253 50.157237
2663 41.689946 40.239437 41.028789 42.507753 50.464325 51.736388 52.751269 51.454253
2664 43.986716 42.507753 43.325559 44.832976 50.157237 51.454253 52.444181 51.122212
2665 42.507753 41.028789 41.818142 43.325559 51.454253 52.751269 53.766151 52.444181
2666 44.832976 43.325559 44.143365 45.679236 51.122212 52.444181 53.434109 52.087186
2667 43.325559 41.818142 42.607494 44.143365 52.444181 53.766151 54.781032 53.434109
2668 36.454779 34.976511 35.721044 37.230779 48.158167 49.145915 50.192067 49.183294
2669 34.976511 33.498242 34.211308 35.721044 49.145915 50.133662 51.200840 50.192067
2670 37.230779 35.721044 36.465577 38.006780 49.183294 50.192067 51.238220 50.208421
2671 35.721044 34.211308 34.924374 36.465577 50.192067 51.200840 52.268019 51.238220
2672 38.006780 36.465577 37.210110 38.782780 50.208421 51.238220 52.284372 51.233547
2673 36.465577 34.924374 35.637439 37.210110 51.238220 52.268019 53.335197 52.284372
2674 38.782780 37.210110 37.954643 39.558781 51.233547 52.284372 53.330524 52.258674
2675 37.210110 35.637439 36.350505 37.954643 52.284372 53.335197 54.402375 53.330524
2676 39.558781 37.954643 38.699176 40.334781 52.258674 53.330524 54.376677 53.283800
2677 37.954643 36.350505 37.063571 38.699176 53.330524 54.402375 55.469553 54.376677
2678 40.334781 38.699176 39.443709 41.110782 53.283800 54.376677 55.422829 54.308927
2679 38.699176 37.063571 37.776636 39.443709 54.376677 55.469553 56.536732 55.422829
2680 41.110782 39.443709 40.188242 41.886782 54.308927 55.422829 56.468982 55.334053
2681 39.443709 37.776636 38.489702 40.188242 55.422829 56.536732 57.603910 56.468982
2682 33.498242 32.019974 32.701572 34.211308 50.133662 51.121410 52.209614 51.200840
2683 32.019974 30.541705 31.191836 32.701572 51.121410 52.109157 53.218387 52.209614
2684 34.211308 32.701572 33.383170 34.924374 51.200840 52.209614 53.297818 52.268019
2685 32.701572 31.191836 31.841967 33.383170 52.209614 53.218387 54.327617 53.297818
2686 34.924374 33.383170 34.064769 35.637439 52.268019 53.297818 54.386022 53.335197
2687 33.383170 31.841967 32.492098 34.064769 53.297818 54.327617 55.436847 54.386022
2688 35.637439 34.064769 34.746367 36.350505 53.335197 54.386022 55.474226 54.402375
2689 34.064769 32.492098 33.142229 34.746367 54.386022 55.436847 56.546077 55.474226
2690 36.350505 34.746367 35.427965 37.063571 54.402375 55.474226 56.562430 55.469553
2691 34.746367 33.142229 33.792360 35.427965 55.474226 56.546077 57.655307 56.562430
2692 37.063571 35.427965 36.109564 37.776636 55.469553 56.562430 57.650634 56.536732
2693 35.427965 33.792360 34.442491 36.109564 56.562430 57.655307 58.764536 57.650634
2694 37.776636 36.109564 36.791162 38.489702 56.536732 57.650634 58.738838 57.603910
2695 36.109564 34.442491 35.092622 36.791162 57.650634 58.764536 59.873766 58.738838
2696 29.857001 28.262452 28.864066 30.492557 52.504471 53.290815 54.425199 53.622116
2697 28.262452 26.667904 27.235575 28.864066 53.290815 54.077160 55.228282 54.425199
2698 30.492557 28.864066 29.465679 31.128113 53.622116 54.425199 55.559582 54.739761
2699 28.864066 27.235575 27.803245 29.465679 54.425199 55.228282 56.379404 55.559582
2700 31.128113 29.465679 30.067292 31.763668 54.739761 55.559582 56.693966 55.857406
2701 29.465679 27.803245 28.370916 30.067292 55.559582 56.379404 57.530526 56.693966
2702 31.763668 30.067292 30.668905 32.399224 55.857406 56.693966 57.828349 56.975051
2703 30.067292 28.370916 28.938586 30.668905 56.693966 57.530526 58.681648 57.828349
2704 32.399224 30.668905 31.270519 33.034780 56.975051 57.828349 58.962733 58.092695
2705 30.668905 28.938586 29.506257 31.270519 57.828349 58.681648 59.832770 58.962733
2706 33.034780 31.270519 31.872132 33.670336 58.092695 58.962733 60.097116 59.210340
2707 31.270519 29.506257 30.073928 31.872132 58.962733 59.832770 60.983893 60.097116
2708 33.670336 31.872132 32.473745 34.305892 59.210340 60.097116 61.231500 60.327985
2709 31.872132 30.073928 30.641598 32.473745 60.097116 60.983893 62.135015 61.231500
2710 26.667904 25.073355 25.607083 27.235575 54.077160 54.863504 56.031365 55.228282
2711 25.073355 23.478807 23.978592 25.607083 54.863504 55.649848 56.834448 56.031365
2712 27.235575 25.607083 26.140811 27.803245 55.228282 56.031365 57.199226 56.379404
2713 25.607083 23.978592 24.478378 26.140811 56.031365 56.834448 58.019047 57.199226
2714 27.803245 26.140811 26.674540 28.370916 56.379404 57.199226 58.367086 57.530526
2715 26.140811 24.478378 24.978163 26.674540 57.199226 58.019047 59.203647 58.367086
2716 28.370916 26.674540 27.208268 28.938586 57.530526 58.367086 59.534947 58.681648
2717 26.674540 24.978163 25.477949 27.208268 58.367086 59.203647 60.388246 59.534947
2718 28.938586 27.208268 27.741996 29.506257 58.681648 59.534947 60.702808 59.832770
2719 27.208268 25.477949 25.977734 27.741996 59.534947 60.388246 61.572845 60.702808
2720 29.506257 27.741996 28.275724 30.073928 59.832770 60.702808 61.870669 60.983893
2721 27.741996 25.977734 26.477519 28.275724 60.702808 61.572845 62.757445 61.870669
2722 30.073928 28.275724 28.809452 30.641598 60.983893 61.870669 63.038529 62.135015
2723 28.275724 26.477519 26.977305 28.809452 61.870669 62.757445 63.942044 63.038529
2724 22.748362 21.064816 21.513216 23.232598 55.952409 56.523895 57.727100 57.143449
2725 21.064816 19.381271 19.793833 21.513216 56.523895 57.095382 58.310752 57.727100
2726 23.232598 21.513216 21.961615 23.716835 57.143449 57.727100 58.930305 58.334489
2727 21.513216 19.793833 20.206396 21.961615 57.727100 58.310752 59.526122 58.930305
2728 23.716835 21.961615 22.410015 24.201071 58.334489 58.930305 60.133510 59.525529
2729 21.961615 20.206396 20.618958 22.410015 58.930305 59.526122 60.741492 60.133510
2730 24.201071 22.410015 22.858414 24.685308 59.525529 60.133510 61.336715 60.716568
2731 22.410015 20.618958 21.031521 22.858414 60.133510 60.741492 61.956862 61.336715
2732 24.685308 22.858414 23.306814 25.169545 60.716568 61.336715 62.539920 61.907608
2733 22.858414 21.031521 21.444083 23.306814 61.336715 61.956862 63.172232 62.539920
2734 25.169545 23.306814 23.755214 25.653781 61.907608 62.539920 63.743125 63.098648
2735 23.306814 21.444083 21.856646 23.755214 62.539920 63.172232 64.387602 63.743125
2736 25.653781 23.755214 24.203613 26.138018 63.098648 63.743125 64.946330 64.289688
2737 23.755214 21.856646 22.269208 24.203613 63.743125 64.387602 65.602972 64.946330
2738 19.381271 17.697725 18.074451 19.793833 57.095382 57.666869 58.894404 58.310752
2739 17.697725 16.014180 16.355068 18.074451 57.666869 58.238355 59.478056 58.894404
2740 19.793833 18.074451 18.451176 20.206396 58.310752 58.894404 60.121939 59.526122
2741 18.074451 16.355068 16.695957 18.451176 58.894404 59.478056 60.717756 60.121939
2742 20.206396 18.451176 18.827902 20.618958 59.526122 60.121939 61.349474 60.741492
2743 18.451176 16.695957 17.036845 18.827902 60.121939 60.717756 61.957456 61.349474
2744 20.618958 18.827902 19.204627 21.031521 60.741492 61.349474 62.577009 61.956862
2745 18.827902 17.036845 17.377733 19.204627 61.349474 61.957456 63.197156 62.577009
2746 21.031521 19.204627 19.581353 21.444083 61.956862 62.577009 63.804544 63.172232
2747 19.204627 17.377733 17.718622 19.581353 62.577009 63.197156 64.436856 63.804544
2748 21.444083 19.581353 19.958078 21.856646 63.172232 63.804544 65.032079 64.387602
2749 19.581353 17.718622 18.059510 19.958078 63.804544 64.436856 65.676556 65.032079
2750 21.856646 19.958078 20.334803 22.269208 64.387602 65.032079 66.259614 65.602972
2751 19.958078 18.059510 18.400399 20.334803 65.032079 65.676556 66.916256 66.259614
2752 15.250491 13.506755 13.794269 15.575123 58.442985 58.789836 60.041275 59.687041
2753 13.506755 11.763018 12.013414 13.794269 58.789836 59.136687 60.395509 60.041275
2754 15.575123 13.794269 14.081782 15.899755 59.687041 60.041275 61.292714 60.931097
2755 13.794269 12.013414 12.263809 14.081782 60.041275 60.395509 61.654332 61.292714
2756 15.899755 14.081782 14.369296 16.224387 60.931097 61.292714 62.544154 62.175153
2757 14.081782 12.263809 12.514204 14.369296 61.292714 61.654332 62.913154 62.544154
2758 16.224387 14.369296 14.656810 16.549019 62.175153 62.544154 63.795593 63.419209
2759 14.369296 12.514204 12.764600 14.656810 62.544154 62.913154 64.171977 63.795593
2760 16.549019 14.656810 14.944323 16.873651 63.419209 63.795593 65.047032 64.663265
2761 14.656810 12.764600 13.014995 14.944323 63.795593 64.171977 65.430799 65.047032
2762 16.873651 14.944323 15.231837 17.198283 64.663265 65.047032 66.298472 65.907321
2763 14.944323 13.014995 13.265391 15.231837 65.047032 65.430799 66.689622 66.298472
2764 17.198283 15.231837 15.519351 17.522915 65.907321 66.298472 67.549911 67.151377
2765 15.231837 13.265391 13.515786 15.519351 66.298472 66.689622 67.948445 67.549911
2766 11.763018 10.019282 10.232559 12.013414 59.136687 59.483537 60.749743 60.395509
2767 10.019282 8.275545 8.451704 10.232559 59.483537 59.830388 61.103977 60.749743
2768 12.013414 10.232559 10.445836 12.263809 60.395509 60.749743 62.015949 61.654332
2769 10.232559 8.451704 8.627863 10.445836 60.749743 61.103977 62.377566 62.015949
2770 12.263809 10.445836 10.659113 12.514204 61.654332 62.015949 63.282155 62.913154
2771 10.445836 8.627863 8.804022 10.659113 62.015949 62.377566 63.651156 63.282155
2772 12.514204 10.659113 10.872390 12.764600 62.913154 63.282155 64.548361 64.171977
2773 10.659113 8.804022 8.980180 10.872390 63.282155 63.651156 64.924745 64.548361
2774 12.764600 10.872390 11.085667 13.014995 64.171977 64.548361 65.814567 65.430799
2775 10.872390 8.980180 9.156339 11.085667 64.548361 64.924745 66.198334 65.814567
2776 13.014995 11.085667 11.298944 13.265391 65.430799 65.814567 67.080773 66.689622
2777 11.085667 9.156339 9.332498 11.298944 65.814567 66.198334 67.471923 67.080773
2778 13.265391 11.298944 11.512221 13.515786 66.689622 67.080773 68.346978 67.948445
2779 11.298944 9.332498 9.508657 11.512221 67.080773 67.471923 68.745512 68.346978
2780 7.491681 5.717589 5.839298 7.651154 59.933586 60.049866 61.328127 61.209372
2781 5.717589 3.943498 4.027441 5.839298 60.049866 60.166146 61.446882 61.328127
2782 7.651154 5.839298 5.961006 7.810627 61.209372 61.328127 62.606388 62.485158
2783 5.839298 4.027441 4.111385 5.961006 61.328127 61.446882 62.727619 62.606388
2784 7.810627 5.961006 6.082714 7.970099 62.485158 62.606388 63.884649 63.760944
2785 5.961006 4.111385 4.195329 6.082714 62.606388 62.727619 64.008355 63.884649
2786 7.970099 6.082714 6.204423 8.129572 63.760944 63.884649 65.162910 65.036729
2787 6.082714 4.195329 4.279273 6.204423 63.884649 64.008355 65.289091 65.162910
2788 8.129572 6.204423 6.326131 8.289045 65.036729 65.162910 66.441172 66.312515
2789 6.204423 4.279273 4.363217 6.326131 65.162910 65.289091 66.569828 66.441172
2790 8.289045 6.326131 6.447839 8.448518 66.312515 66.441172 67.719433 67.588301
2791 6.326131 4.363217 4.447161 6.447839 66.441172 66.569828 67.850564 67.719433
2792 8.448518 6.447839 6.569548 8.607991 67.588301 67.719433 68.997694 68.864087
2793 6.447839 4.447161 4.531105 6.569548 67.719433 67.850564 69.131300 68.997694
2794 3.943498 2.169406 2.215585 4.027441 60.166146 60.282426 61.565638 61.446882
2795 2.169406 0.395314 0.403729 2.215585 60.282426 60.398706 61.684393 61.565638
2796 4.027441 2.215585 2.261765 4.111385 61.446882 61.565638 62.848849 62.727619
2797 2.215585 0.403729 0.412144 2.261765 61.565638 61.684393 62.970080 62.848849
2798 4.111385 2.261765 2.307944 4.195329 62.727619 62.848849 64.132061 64.008355
2799 2.261765 0.412144 0.420559 2.307944 62.848849 62.970080 64.255767 64.132061
2800 4.195329 2.307944 2.354124 4.279273 64.008355 64.132061 65.415272 65.289091
2801 2.307944 0.420559 0.428974 2.354124 64.132061 64.255767 65.541453 65.415272
2802 4.279273 2.354124 2.400303 4.363217 65.289091 65.415272 66.698484 66.569828
2803 2.354124 0.428974 0.437389 2.400303 65.415272 65.541453 66.827140 66.698484
2804 4.363217 2.400303 2.446482 4.447161 66.569828 66.698484 67.981695 67.850564
2805 2.400303 0.437389 0.445804 2.446482 66.698484 66.827140 68.112827 67.981695
2806 4.447161 2.446482 2.492662 4.531105 67.850564 67.981695 69.264907 69.131300
2807 2.446482 0.445804 0.454219 2.492662 67.981695 68.112827 69.398514 69.264907
2808 -0.395314 -2.169406 -2.215585 -0.403729 60.398706 60.282426 61.565638 61.684393
2809 -2.169406 -3.943498 -4.027441 -2.215585 60.282426 60.166146 61.446882 61.565638
2810 -0.403729 -2.215585 -2.261765 -0.412144 61.684393 61.565638 62.848849 62.970080
2811 -2.215585 -4.027441 -4.111385 -2.261765 61.565638 61.446882 62.727619 62.848849
2812 -0.412144 -2.261765 -2.307944 -0.420559 62.970080 62.848849 64.132061 64.255767
2813 -2.261765 -4.111385 -4.195329 -2.307944 62.848849 62.727619 64.008355 64.132061
2814 -0.420559 -2.307944 -2.354124 -0.428974 64.255767 64.132061 65.415272 65.541453
2815 -2.307944 -4.195329 -4.279273 -2.354124 64.132061 64.008355 65.289091 65.415272
2816 -0.428974 -2.354124 -2.400303 -0.437389 65.541453 65.415272 66.698484 66.827140
2817 -2.354124 -4.279273 -4.363217 -2.400303 65.415272 65.289091 66.569828 66.698484
2818 -0.437389 -2.400303 -2.446482 -0.445804 66.827140 66.698484 67.981695 68.112827
2819 -2.400303 -4.363217 -4.447161 -2.446482 66.698484 66.569828 67.850564 67.981695
2820 -0.445804 -2.446482 -2.492662 -0.454219 68.112827 67.981695 69.264907 69.398514
2821 -2.446482 -4.447161 -4.531105 -2.492662 67.981695 67.850564 69.131300 69.264907
2822 -3.943498 -5.717589 -5.839298 -4.027441 60.166146 60.049866 61.328127 61.446882
2823 -5.717589 -7.491681 -7.651154 -5.839298 60.049866 59.933586 61.209372 61.328127
2824 -4.027441 -5.839298 -5.961006 -4.111385 61.446882 61.328127 62.606388 62.727619
2825 -5.839298 -7.651154 -7.810627 -5.961006 61.328127 61.209372 62.485158 62.606388
2826 -4.111385 -5.961006 -6.082714 -4.195329 62.727619 62.606388 63.884649 64.008355
2827 -5.961006 -7.810627 -7.970099 -6.082714 62.606388 62.485158 63.760944 63.884649
2828 -4.195329 -6.082714 -6.204423 -4.279273 64.008355 63.884649 65.162910 65.289091
2829 -6.082714 -7.970099 -8.129572 -6.204423 63.884649 63.760944 65.036729 65.162910
2830 -4.279273 -6.204423 -6.326131 -4.363217 65.289091 65.162910 66.441172 66.569828
2831 -6.204423 -8.129572 -8.289045 -6.326131 65.162910 65.036729 66.312515 66.441172
2832 -4.363217 -6.326131 -6.447839 -4.447161 66.569828 66.441172 67.719433 67.850564
2833 -6.326131 -8.289045 -8.448518 -6.447839 66.441172 66.312515 67.588301 67.719433
2834 -4.447161 -6.447839 -6.569548 -4.531105 67.850564 67.719433 68.997694 69.131300
2835 -6.447839 -8.448518 -8.607991 -6.569548 67.719433 67.588301 68.864087 68.997694
2836 -8.275545 -10.019282 -10.232559 -8.451704 59.830388 59.483537 60.749743 61.103977
2837 -10.019282 -11.763018 -12.013414 -10.232559 59.483537 59.136687 60.395509 60.749743
2838 -8.451704 -10.232559 -10.445836 -8.627863 61.103977 60.749743 62.015949 62.377566
2839 -10.232559 -12.013414 -12.263809 -10.445836 60.749743 60.395509 61.654332 62.015949
2840 -8.627863 -10.445836 -10.659113 -8.804022 62.377566 62.015949 63.282155 63.651156
2841 -10.445836 -12.263809 -12.514204 -10.659113 62.015949 61.654332 62.913154 63.282155
2842 -8.804022 -10.659113 -10.872390 -8.980180 63.651156 63.282155 64.548361 64.924745
2843 -10.659113 -12.514204 -12.764600 -10.872390 63.282155 62.913154 64.171977 64.548361
2844 -8.980180 -10.872390 -11.085667 -9.156339 64.924745 64.548361 65.814567 66.198334
2845 -10.872390 -12.764600 -13.014995 -11.085667 64.548361 64.171977 65.430799 65.814567
2846 -9.156339 -11.085667 -11.298944 -9.332498 66.198334 65.814567 67.080773 67.471923
2847 -11.085667 -13.014995 -13.265391 -11.298944 65.814567 65.430799 66.689622 67.080773
2848 -9.332498 -11.298944 -11.512221 -9.508657 67.471923 67.080773 68.346978 68.745512
2849 -11.298944 -13.265391 -13.515786 -11.512221 67.080773 66.689622 67.948445 68.346978
2850 -11.763018 -13.506755 -13.794269 -12.013414 59.136687 58.789836 60.041275 60.395509
2851 -13.506755 -15.250491 -15.575123 -13.794269 58.789836 58.442985 59.687041 60.041275
2852 -12.013414 -13.794269 -14.081782 -12.263809 60.395509 60.041275 61.292714 61.654332
2853 -13.794269 -15.575123 -15.899755 -14.081782 60.041275 59.687041 60.931097 61.292714
2854 -12.263809 -14.081782 -14.369296 -12.514204 61.654332 61.292714 62.544154 62.913154
2855 -14.081782 -15.899755 -16.224387 -14.369296 61.292714 60.931097 62.175153 62.544154
2856 -12.514204 -14.369296 -14.656810 -12.764600 62.913154 62.544154 63.795593 64.171977
2857 -14.369296 -16.224387 -16.549019 -14.656810 62.544154 62.175153 63.419209 63.795593
2858 -12.764600 -14.656810 -14.944323 -13.014995 64.171977 63.795593 65.047032 65.430799
2859 -14.656810 -16.549019 -16.873651 -14.944323 63.795593 63.419209 64.663265 65.047032
2860 -13.014995 -14.944323 -15.231837 -13.265391 65.430799 65.047032 66.298472 66.689622
2861 -14.944323 -16.873651 -17.198283 -15.231837 65.047032 64.663265 65.907321 66.298472
2862 -13.265391 -15.231837 -15.519351 -13.515786 66.689622 66.298472 67.549911 67.948445
2863 -15.231837 -17.198283 -17.522915 -15.519351 66.298472 65.907321 67.151377 67.549911
2864 -16.014180 -17.697725 -18.074451 -16.355068 58.238355 57.666869 58.894404 59.478056
2865 -17.697725 -19.381271 -19.793833 -18.074451 57.666869 57.095382 58.310752 58.894404
2866 -16.355068 -18.074451 -18.451176 -16.695957 59.478056 58.894404 60.121939 60.717756
2867 -18.074451 -19.793833 -20.206396 -18.451176 58.894404 58.310752 59.526122 60.121939
2868 -16.695957 -18.451176 -18.827902 -17.036845 60.717756 60.121939 61.349474 61.957456
2869 -18.451176 -20.206396 -20.618958 -18.827902 60.121939 59.526122 60.741492 61.349474
2870 -17.036845 -18.827902 -19.204627 -17.377733 61.957456 61.349474 62.577009 63.197156
2871 -18.827902 -20.618958 -21.031521 -19.204627 61.349474 60.741492 61.956862 62.577009
2872 -17.377733 -19.204627 -19.581353 -17.718622 63.197156 62.577009 63.804544 64.436856
2873 -19.204627 -21.031521 -21.444083 -19.581353 62.577009 61.956862 63.172232 63.804544
2874 -17.718622 -19.581353 -19.958078 -18.059510 64.436856 63.804544 65.032079 65.676556
2875 -19.581353 -21.444083 -21.856646 -19.958078 63.804544 63.172232 64.387602 65.032079
2876 -18.059510 -19.958078 -20.334803 -18.400399 65.676556 65.032079 66.259614 66.916256
2877 -19.958078 -21.856646 -22.269208 -20.334803 65.032079 64.387602 65.602972 66.259614
2878 -19.381271 -21.064816 -21.513216 -19.793833 57.095382 56.523895 57.727100 58.310752
2879 -21.064816 -22.748362 -23.232598 -21.513216 56.523895 55.952409 57.143449 57.727100
2880 -19.793833 -21.513216 -21.961615 -20.206396 58.310752 57.727100 58.930305 59.526122
2881 -21.513216 -23.232598 -23.716835 -21.961615 57.727100 57.143449 58.334489 58.930305
2882 -20.206396 -21.961615 -22.410015 -20.618958 59.526122 58.930305 60.133510 60.741492
2883 -21.961615 -23.716835 -24.201071 -22.410015 58.930305 58.334489 59.525529 60.133510
2884 -20.618958 -22.410015 -22.858414 -21.031521 60.741492 60.133510 61.336715 61.956862
2885 -22.410015 -24.201071 -24.685308 -22.858414 60.133510 59.525529 60.716568 61.336715
2886 -21.031521 -22.858414 -23.306814 -21.444083 61.956862 61.336715 62.539920 63.172232
2887 -22.858414 -24.685308 -25.169545 -23.306814 61.336715 60.716568 61.907608 62.539920
2888 -21.444083 -23.306814 -23.755214 -21.856646 63.172232 62.539920 63.743125 64.387602
2889 -23.306814 -25.169545 -25.653781 -23.755214 62.539920 61.907608 63.098648 63.743125
2890 -21.856646 -23.755214 -24.203613 -22.269208 64.387602 63.743125 64.946330 65.602972
2891 -23.755214 -25.653781 -26.138018 -24.203613 63.743125 63.098648 64.289688 64.946330
2892 -23.478807 -25.073355 -25.607083 -23.978592 55.649848 54.863504 56.031365 56.834448
2893 -25.073355 -26.667904 -27.235575 -25.607083 54.863504 54.077160 55.228282 56.031365
2894 -23.978592 -25.607083 -26.140811 -24.478378 56.834448 56.031365 57.199226 58.019047
2895 -25.607083 -27.235575 -27.803245 -26.140811 56.031365 55.228282 56.379404 57.199226
2896 -24.478378 -26.140811 -26.674540 -24.978163 58.019047 57.199226 58.367086 59.203647
2897 -26.140811 -27.803245 -28.370916 -26.674540 57.199226 56.379404 57.530526 58.367086
2898 -24.978163 -26.674540 -27.208268 -25.477949 59.203647 58.367086 59.534947 60.388246
2899 -26.674540 -28.370916 -28.938586 -27.208268 58.367086 57.530526 58.681648 59.534947
2900 -25.477949 -27.208268 -27.741996 -25.977734 60.388246 59.534947 60.702808 61.572845
2901 -27.208268 -28.938586 -29.506257 -27.741996 59.534947 58.681648 59.832770 60.702808
2902 -25.977734 -27.741996 -28.275724 -26.477519 61.572845 60.702808 61.870669 62.757445
2903 -27.741996 -29.506257 -30.073928 -28.275724 60.702808 59.832770 60.983893 61.870669
2904 -26.477519 -28.275724 -28.809452 -26.977305 62.757445 61.870669 63.038529 63.942044
2905 -28.275724 -30.073928 -30.641598 -28.809452 61.870669 60.983893 62.135015 63.038529
2906 -26.667904 -28.262452 -28.864066 -27.235575 54.077160 53.290815 54.425199 55.228282
2907 -28.262452 -29.857001 -30.492557 -28.864066 53.290815 52.504471 53.622116 54.425199
2908 -27.235575 -28.864066 -29.465679 -27.803245 55.228282 54.425199 55.559582 56.379404
2909 -28.864066 -30.492557 -31.128113 -29.465679 54.425199 53.622116 54.739761 55.559582
2910 -27.803245 -29.465679 -30.067292 -28.370916 56.379404 55.559582 56.693966 57.530526
2911 -29.465679 -31.128113 -31.763668 -30.067292 55.559582 54.739761 55.857406 56.693966
2912 -28.370916 -30.067292 -30.668905 -28.938586 57.530526 56.693966 57.828349 58.681648
2913 -30.067292 -31.763668 -32.399224 -30.668905 56.693966 55.857406 56.975051 57.828349
2914 -28.938586 -30.668905 -31.270519 -29.506257 58.681648 57.828349 58.962733 59.832770
2915 -30.668905 -32.399224 -33.034780 -31.270519 57.828349 56.975051 58.092695 58.962733
2916 -29.506257 -31.270519 -31.872132 -30.073928 59.832770 58.962733 60.097116 60.983893
2917 -31.270519 -33.034780 -33.670336 -31.872132 58.962733 58.092695 59.210340 60.097116
2918 -30.073928 -31.872132 -32.473745 -30.641598 60.983893 60.097116 61.231500 62.135015
2919 -31.872132 -33.670336 -34.305892 -32.473745 60.097116 59.210340 60.327985 61.231500
2920 -30.541705 -32.019974 -32.701572 -31.191836 52.109157 51.121410 52.209614 53.218387
2921 -32.019974 -33.498242 -34.211308 -32.701572 51.121410 50.133662 51.200840 52.209614
2922 -31.191836 -32.701572 -33.383170 -31.841967 53.218387 52.209614 53.297818 54.327617
2923 -32.701572 -34.211308 -34.924374 -33.383170 52.209614 51.200840 52.268019 53.297818
2924 -31.841967 -33.383170 -34.064769 -32.492098 54.327617 53.297818 54.386022 55.436847
2925 -33.383170 -34.924374 -35.637439 -34.064769 53.297818 52.268019 53.335197 54.386022
2926 -32.492098 -34.064769 -34.746367 -33.142229 55.436847 54.386022 55.474226 56.546077
2927 -34.064769 -35.637439 -36.350505 -34.746367 54.386022 53.335197 54.402375 55.474226
2928 -33.142229 -34.746367 -35.427965 -33.792360 56.546077 55.474226 56.562430 57.655307
2929 -34.746367 -36.350505 -37.063571 -35.427965 55.474226 54.402375 55.469553 56.562430
2930 -33.792360 -35.427965 -36.109564 -34.442491 57.655307 56.562430 57.650634 58.764536
2931 -35.427965 -37.063571 -37.776636 -36.109564 56.562430 55.469553 56.536732 57.650634
2932 -34.442491 -36.109564 -36.791162 -35.092622 58.764536 57.650634 58.738838 59.873766
2933 -36.109564 -37.776636 -38.489702 -36.791162 57.650634 56.536732 57.603910 58.738838
2934 -33.498242 -34.976511 -35.721044 -34.211308 50.133662 49.145915 50.192067 51.200840
2935 -34.976511 -36.454779 -37.230779 -35.721044 49.145915 48.158167 49.183294 50.192067
2936 -34.211308 -35.721044 -36.465577 -34.924374 51.200840 50.192067 51.238220 52.268019
2937 -35.721044 -37.230779 -38.006780 -36.465577 50.192067 49.183294 50.208421 51.238220
2938 -34.924374 -36.465577 -37.210110 -35.637439 52.268019 51.238220 52.284372 53.335197
2939 -36.465577 -38.006780 -38.782780 -37.210110 51.238220 50.208421 51.233547 52.284372
2940 -35.637439 -37.210110 -37.954643 -36.350505 53.335197 52.284372 53.330524 54.402375
2941 -37.210110 -38.782780 -39.558781 -37.954643 52.284372 51.233547 52.258674 53.330524
2942 -36.350505 -37.954643 -38.699176 -37.063571 54.402375 53.330524 54.376677 55.469553
2943 -37.954643 -39.558781 -40.334781 -38.699176 53.330524 52.258674 53.283800 54.376677
2944 -37.063571 -38.699176 -39.443709 -37.776636 55.469553 54.376677 55.422829 56.536732
2945 -38.699176 -40.334781 -41.110782 -39.443709 54.376677 53.283800 54.308927 55.422829
2946 -37.776636 -39.443709 -40.188242 -38.489702 56.536732 55.422829 56.468982 57.603910
2947 -39.443709 -41.110782 -41.886782 -40.188242 55.422829 54.308927 55.334053 56.468982
2948 -37.082027 -38.418721 -39.236528 -37.871379 47.676863 46.504614 47.494541 48.691745
2949 -38.418721 -39.755416 -40.601676 -39.236528 46.504614 45.332364 46.297338 47.494541
2950 -37.871379 -39.236528 -40.054334 -38.660732 48.691745 47.494541 48.484469 49.706626
2951 -39.236528 -40.601676 -41.447936 -40.054334 47.494541 46.297338 47.262313 48.484469
2952 -38.660732 -40.054334 -40.872140 -39.450084 49.706626 48.484469 49.474397 50.721507
2953 -40.054334 -41.447936 -42.294196 -40.872140 48.484469 47.262313 48.227288 49.474397
2954 -39.450084 -40.872140 -41.689946 -40.239437 50.721507 49.474397 50.464325 51.736388
2955 -40.872140 -42.294196 -43.140456 -41.689946 49.474397 48.227288 49.192262 50.464325
2956 -40.239437 -41.689946 -42.507753 -41.028789 51.736388 50.464325 51.454253 52.751269
2957 -41.689946 -43.140456 -43.986716 -42.507753 50.464325 49.192262 50.157237 51.454253
2958 -41.028789 -42.507753 -43.325559 -41.818142 52.751269 51.454253 52.444181 53.766151
2959 -42.507753 -43.986716 -44.832976 -43.325559 51.454253 50.157237 51.122212 52.444181
2960 -41.818142 -43.325559 -44.143365 -42.607494 53.766151 52.444181 53.434109 54.781032
2961 -43.325559 -44.832976 -45.679236 -44.143365 52.444181 51.122212 52.087186 53.434109
2962 -39.755416 -41.092111 -41.966825 -40.601676 45.332364 44.160114 45.100135 46.297338
2963 -41.092111 -42.428805 -43.331973 -41.966825 44.160114 42.987864 43.902932 45.100135
2964 -40.601676 -41.966825 -42.841538 -41.447936 46.297338 45.100135 46.040157 47.262313
2965 -41.966825 -43.331973 -44.235141 -42.841538 45.100135 43.902932 44.818000 46.040157
2966 -41.447936 -42.841538 -43.716252 -42.294196 47.262313 46.040157 46.980178 48.227288
2967 -42.841538 -44.235141 -45.138308 -43.716252 46.040157 44.818000 45.733068 46.980178
2968 -42.294196 -43.716252 -44.590966 -43.140456 48.227288 46.980178 47.920199 49.192262
2969 -43.716252 -45.138308 -46.041476 -44.590966 46.980178 45.733068 46.648136 47.920199
2970 -43.140456 -44.590966 -45.465680 -43.986716 49.192262 47.920199 48.860221 50.157237
2971 -44.590966 -46.041476 -46.944643 -45.465680 47.920199 46.648136 47.563205 48.860221
2972 -43.986716 -45.465680 -46.340394 -44.832976 50.157237 48.860221 49.800242 51.122212
2973 -45.465680 -46.944643 -47.847811 -46.340394 48.860221 47.563205 48.478273 49.800242
2974 -44.832976 -46.340394 -47.215107 -45.679236 51.122212 49.800242 50.740263 52.087186
2975 -46.340394 -47.847811 -48.750978 -47.215107 49.800242 48.478273 49.393341 50.740263
2976 -42.987864 -44.160114 -45.100135 -43.902932 42.428805 41.092111 41.966825 43.331973
2977 -44.160114 -45.332364 -46.297338 -45.100135 41.092111 39.755416 40.601676 41.966825
2978 -43.902932 -45.100135 -46.040157 -44.818000 43.331973 41.966825 42.841538 44.235141
2979 -45.100135 -46.297338 -47.262313 -46.040157 41.966825 40.601676 41.447936 42.841538
2980 -44.818000 -46.040157 -46.980178 -45.733068 44.235141 42.841538 43.716252 45.138308
2981 -46.040157 -47.262313 -48.227288 -46.980178 42.841538 41.447936 42.294196 43.716252
2982 -45.733068 -46.980178 -47.920199 -46.648136 45.138308 43.716252 44.590966 46.041476
2983 -46.980178 -48.227288 -49.192262 -47.920199 43.716252 42.294196 43.140456 44.590966
2984 -46.648136 -47.920199 -48.860221 -47.563205 46.041476 44.590966 45.465680 46.944643
2985 -47.920199 -49.192262 -50.157237 -48.860221 44.590966 43.140456 43.986716 45.465680
2986 -47.563205 -48.860221 -49.800242 -48.478273 46.944643 45.465680 46.340394 47.847811
2987 -48.860221 -50.157237 -51.122212 -49.800242 45.465680 43.986716 44.832976 46.340394
2988 -48.478273 -49.800242 -50.740263 -49.393341 47.847811 46.340394 47.215107 48.750978
2989 -49.800242 -51.122212 -52.087186 -50.740263 46.340394 44.832976 45.679236 47.215107
2990 -45.332364 -46.504614 -47.494541 -46.297338 39.755416 38.418721 39.236528 40.601676
2991 -46.504614 -47.676863 -48.691745 -47.494541 38.418721 37.082027 37.871379 39.236528
2992 -46.297338 -47.494541 -48.484469 -47.262313 40.601676 39.236528 40.054334 41.447936
2993 -47.494541 -48.691745 -49.706626 -48.484469 39.236528 37.871379 38.660732 40.054334
2994 -47.262313 -48.484469 -49.474397 -48.227288 41.447936 40.054334 40.872140 42.294196
2995 -48.484469 -49.706626 -50.721507 -49.474397 40.054334 38.660732 39.450084 40.872140
2996 -48.227288 -49.474397 -50.464325 -49.192262 42.294196 40.872140 41.689946 43.140456
2997 -49.474397 -50.721507 -51.736388 -50.464325 40.872140 39.450084 40.239437 41.689946
2998 -49.192262 -50.464325 -51.454253 -50.157237 43.140456 41.689946 42.507753 43.986716
2999 -50.464325 -51.736388 -52.751269 -51.454253 41.689946 40.239437 41.028789 42.507753
3000 -50.157237 -51.454253 -52.444181 -51.122212 43.986716 42.507753 43.325559 44.832976
3001 -51.454253 -52.751269 -53.766151 -52.444181 42.507753 41.028789 41.818142 43.325559
3002 -51.122212 -52.444181 -53.434109 -52.087186 44.832976 43.325559 44.143365 45.679236
3003 -52.444181 -53.766151 -54.781032 -53.434109 43.325559 41.818142 42.607494 44.143365
3004 -48.158167 -49.145915 -50.192067 -49.183294 36.454779 34.976511 35.721044 37.230779
3005 -49.145915 -50.133662 -51.200840 -50.192067 34.976511 33.498242 34.211308 35.721044
3006 -49.183294 -50.192067 -51.238220 -50.208421 37.230779 35.721044 36.465577 38.006780
3007 -50.192067 -51.200840 -52.268019 -51.238220 35.721044 34.211308 34.924374 36.465577
3008 -50.208421 -51.238220 -52.284372 -51.233547 38.006780 36.465577 37.210110 38.782780
3009 -51.238220 -52.268019 -53.335197 -52.284372 36.465577 34.924374 35.637439 37.210110
3010 -51.233547 -52.284372 -53.330524 -52.258674 38.782780 37.210110 37.954643 39.558781
3011 -52.284372 -53.335197 -54.402375 -53.330524 37.210110 35.637439 36.350505 37.954643
3012 -52.258674 -53.330524 -54.376677 -53.283800 39.558781 37.954643 38.699176 40.334781
3013 -53.330524 -54.402375 -55.469553 -54.376677 37.954643 36.350505 37.063571 38.699176
3014 -53.283800 -54.376677 -55.422829 -54.308927 40.334781 38.699176 39.443709 41.110782
3015 -54.376677 -55.469553 -56.536732 -55.422829 38.699176 37.063571 37.776636 39.443709
3016 -54.308927 -55.422829 -56.468982 -55.334053 41.110782 39.443709 40.188242 41.886782
3017 -55.422829 -56.536732 -57.603910 -56.468982 39.443709 37.776636 38.489702 40.188242
3018 -50.133662 -51.121410 -52.209614 -51.200840 33.498242 32.019974 32.701572 34.211308
3019 -51.121410 -52.109157 -53.218387 -52.209614 32.019974 30.541705 31.191836 32.701572
3020 -51.200840 -52.209614 -53.297818 -52.268019 34.211308 32.701572 33.383170 34.924374
3021 -52.209614 -53.218387 -54.327617 -53.297818 32.701572 31.191836 31.841967 33.383170
3022 -52.268019 -53.297818 -54.386022 -53.335197 34.924374 33.383170 34.064769 35.637439
3023 -53.297818 -54.327617 -55.436847 -54.386022 33.383170 31.841967 32.492098 34.064769
3024 -53.335197 -54.386022 -55.474226 -54.402375 35.637439 34.064769 34.746367 36.350505
3025 -54.386022 -55.436847 -56.546077 -55.474226 34.064769 32.492098 33.142229 34.746367
3026 -54.402375 -55.474226 -56.562430 -55.469553 36.350505 34.746367 35.427965 37.063571
3027 -55.474226 -56.546077 -57.655307 -56.562430 34.746367 33.142229 33.792360 35.427965
3028 -55.469553 -56.562430 -57.650634 -56.536732 37.063571 35.427965 36.109564 37.776636
3029 -56.562430 -57.655307 -58.764536 -57.650634 35.427965 33.792360 34.442491 36.109564
3030 -56.536732 -57.650634 -58.738838 -57.603910 37.776636 36.109564 36.791162 38.489702
3031 -57.650634 -58.764536 -59.873766 -58.738838 36.109564 34.442491 35.092622 36.791162
3032 -52.504471 -53.290815 -54.425199 -53.622116 29.857001 28.262452 28.864066 30.492557
3033 -53.290815 -54.077160 -55.228282 -54.425199 28.262452 26.667904 27.235575 28.864066
3034 -53.622116 -54.425199 -55.559582 -54.739761 30.492557 28.864066 29.465679 31.128113
3035 -54.425199 -55.228282 -56.379404 -55.559582 28.864066 27.235575 27.803245 29.465679
3036 -54.739761 -55.559582 -56.693966 -55.857406 31.128113 29.465679 30.067292 31.763668
3037 -55.559582 -56.379404 -57.530526 -56.693966 29.465679 27.803245 28.370916 30.067292
3038 -55.857406 -56.693966 -57.828349 -56.975051 31.763668 30.067292 30.668905 32.399224
3039 -56.693966 -57.530526 -58.681648 -57.828349 30.067292 28.370916 28.938586 30.668905
3040 -56.975051 -57.828349 -58.962733 -58.092695 32.399224 30.668905 31.270519 33.034780
3041 -57.828349 -58.681648 -59.832770 -58.962733 30.668905 28.938586 29.506257 31.270519
3042 -58.092695 -58.962733 -60.097116 -59.210340 33.034780 31.270519 31.872132 33.670336
3043 -58.962733 -59.832770 -60.983893 -60.097116 31.270519 29.506257 30.073928 31.872132
3044 -59.210340 -60.097116 -61.231500 -60.327985 33.670336 31.872132 32.473745 34.305892
3045 -60.097116 -60.983893 -62.135015 -61.231500 31.872132 30.073928 30.641598 32.473745
3046 -54.077160 -54.863504 -56.031365 -55.228282 26.667904 25.073355 25.607083 27.235575
3047 -54.863504 -55.649848 -56.834448 -56.031365 25.073355 23.478807 23.978592 25.607083
3048 -55.228282 -56.031365 -57.199226 -56.379404 27.235575 25.607083 26.140811 27.803245
3049 -56.031365 -56.834448 -58.019047 -57.199226 25.607083 23.978592 24.478378 26.140811
3050 -56.379404 -57.199226 -58.367086 -57.530526 27.803245 26.140811 26.674540 28.370916
3051 -57.199226 -58.019047 -59.203647 -58.367086 26.140811 24.478378 24.978163 26.674540
3052 -57.530526 -58.367086 -59.534947 -58.681648 28.370916 26.674540 27.208268 28.938586
3053 -58.367086 -59.203647 -60.388246 -59.534947 26.674540 24.978163 25.477949 27.208268
3054 -58.681648 -59.534947 -60.702808 -59.832770 28.938586 27.208268 27.741996 29.506257
3055 -59.534947 -60.388246 -61.572845 -60.702808 27.208268 25.477949 25.977734 27.741996
3056 -59.832770 -60.702808 -61.870669 -60.983893 29.506257 27.741996 28.275724 30.073928
3057 -60.702808 -61.572845 -62.757445 -61.870669 27.741996 25.977734 26.477519 28.275724
3058 -60.983893 -61.870669 -63.038529 -62.135015 30.073928 28.275724 28.809452 30.641598
3059 -61.870669 -62.757445 -63.942044 -63.038529 28.275724 26.477519 26.977305 28.809452
3060 -55.952409 -56.523895 -57.727100 -57.143449 22.748362 21.064816 21.513216 23.232598
3061 -56.523895 -57.095382 -58.310752 -57.727100 21.064816 19.381271 19.793833 21.513216
3062 -57.143449 -57.727100 -58.930305 -58.334489 23.232598 21.513216 21.961615 23.716835
3063 -57.727100 -58.310752 -59.526122 -58.930305 21.513216 19.793833 20.206396 21.961615
3064 -58.334489 -58.930305 -60.133510 -59.525529 23.716835 21.961615 22.410015 24.201071
3065 -58.930305 -59.526122 -60.741492 -60.133510 21.961615 20.206396 20.618958 22.410015
3066 -59.525529 -60.133510 -61.336715 -60.716568 24.201071 22.410015 22.858414 24.685308
3067 -60.133510 -60.741492 -61.956862 -61.336715 22.410015 20.618958 21.031521 22.858414
3068 -60.716568 -61.336715 -62.539920 -61.907608 24.685308 22.858414 23.306814 25.169545
3069 -61.336715 -61.956862 -63.172232 -62.539920 22.858414 21.031521 21.444083 23.306814
3070 -61.907608 -62.539920 -63.743125 -63.098648 25.169545 23.306814 23.755214 25.653781
3071 -62.539920 -63.172232 -64.387602 -63.743125 23.306814 21.444083 21.856646 23.755214
3072 -63.098648 -63.743125 -64.946330 -64.289688 25.653781 23.755214 24.203613 26.138018
3073 -63.743125 -64.387602 -65.602972 -64.946330 23.755214 21.856646 22.269208 24.203613
3074 -57.095382 -57.666869 -58.894404 -58.310752 19.381271 17.697725 18.074451 19.793833
3075 -57.666869 -58.238355 -59.478056 -58.894404 17.697725 16.014180 16.355068 18.074451
3076 -58.310752 -58.894404 -60.121939 -59.526122 19.793833 18.074451 18.451176 20.206396
3077 -58.894404 -59.478056 -60.717756 -60.121939 18.074451 16.355068 16.695957 18.451176
3078 -59.526122 -60.121939 -61.349474 -60.741492 20.206396 18.451176 18.827902 20.618958
3079 -60.121939 -60.717756 -61.957456 -61.349474 18.451176 16.695957 17.036845 18.827902
3080 -60.741492 -61.349474 -62.577009 -61.956862 20.618958 18.827902 19.204627 21.031521
3081 -61.349474 -61.957456 -63.197156 -62.577009 18.827902 17.036845 17.377733 19.204627
3082 -61.956862 -62.577009 -63.804544 -63.172232 21.031521 19.204627 19.581353 21.444083
3083 -62.577009 -63.197156 -64.436856 -63.804544 19.204627 17.377733 17.718622 19.581353
3084 -63.172232 -63.804544 -65.032079 -64.387602 21.444083 19.581353 19.958078 21.856646
3085 -63.804544 -64.436856 -65.676556 -65.032079 19.581353 17.718622 18.059510 19.958078
3086 -64.387602 -65.032079 -66.259614 -65.602972 21.856646 19.958078 20.334803 22.269208
3087 -65.032079 -65.676556 -66.916256 -66.259614 19.958078 18.059510 18.400399 20.334803
3088 -58.442985 -58.789836 -60.041275 -59.687041 15.250491 13.506755 13.794269 15.575123
3089 -58.789836 -59.136687 -60.395509 -60.041275 13.506755 11.763018 12.013414 13.794269
3090 -59.687041 -60.041275 -61.292714 -60.931097 15.575123 13.794269 14.081782 15.899755
3091 -60.041275 -60.395509 -61.654332 -61.292714 13.794269 12.013414 12.263809 14.081782
3092 -60.931097 -61.292714 -62.544154 -62.175153 15.899755 14.081782 14.369296 16.224387
3093 -61.292714 -61.654332 -62.913154 -62.544154 14.081782 12.263809 12.514204 14.369296
3094 -62.175153 -62.544154 -63.795593 -63.419209 16.224387 14.369296 14.656810 16.549019
3095 -62.544154 -62.913154 -64.171977 -63.795593 14.369296 12.514204 12.764600 14.656810
3096 -63.419209 -63.795593 -65.047032 -64.663265 16.549019 14.656810 14.944323 16.873651
3097 -63.795593 -64.171977 -65.430799 -65.047032 14.656810 12.764600 13.014995 14.944323
3098 -64.663265 -65.047032 -66.298472 -65.907321 16.873651 14.944323 15.231837 17.198283
3099 -65.047032 -65.430799 -66.689622 -66.298472 14.944323 13.014995 13.265391 15.231837
3100 -65.907321 -66.298472 -67.549911 -67.151377 17.198283 15.231837 15.519351 17.522915
3101 -66.298472 -66.689622 -67.948445 -67.549911 15.231837 13.265391 13.515786 15.519351
3102 -59.136687 -59.483537 -60.749743 -60.395509 11.763018 10.019282 10.232559 12.013414
3103 -59.483537 -59.830388 -61.103977 -60.749743 10.019282 8.275545 8.451704 10.232559
3104 -60.395509 -60.749743 -62.015949 -61.654332 12.013414 10.232559 10.445836 12.263809
3105 -60.749743 -61.103977 -62.377566 -62.015949 10.232559 8.451704 8.627863 10.445836
3106 -61.654332 -62.015949 -63.282155 -62.913154 12.263809 10.445836 10.659113 12.514204
3107 -62.015949 -62.377566 -63.651156 -63.282155 10.445836 8.627863 8.804022 10.659113
3108 -62.913154 -63.282155 -64.548361 -64.171977 12.514204 10.659113 10.872390 12.764600
3109 -63.282155 -63.651156 -64.924745 -64.548361 10.659113 8.804022 8.980180 10.872390
3110 -64.171977 -64.548361 -65.814567 -65.430799 12.764600 10.872390 11.085667 13.014995
3111 -64.548361 -64.924745 -66.198334 -65.814567 10.872390 8.980180 9.156339 11.085667
3112 -65.430799 -65.814567 -67.080773 -66.689622 13.014995 11.085667 11.298944 13.265391
3113 -65.814567 -66.198334 -67.471923 -67.080773 11.085667 9.156339 9.332498 11.298944
3114 -66.689622 -67.080773 -68.346978 -67.948445 13.265391 11.298944 11.512221 13.515786
3115 -67.080773 -67.471923 -68.745512 -68.346978 11.298944 9.332498 9.508657 11.512221
3116 -59.933586 -60.049866 -61.328127 -61.209372 7.491681 5.717589 5.839298 7.651154
3117 -60.049866 -60.166146 -61.446882 -61.328127 5.717589 3.943498 4.027441 5.839298
3118 -61.209372 -61.328127 -62.606388 -62.485158 7.651154 5.839298 5.961006 7.810627
3119 -61.328127 -61.446882 -62.727619 -62.606388 5.839298 4.027441 4.111385 5.961006
3120 -62.485158 -62.606388 -63.884649 -63.760944 7.810627 5.961006 6.082714 7.970099
3121 -62.606388 -62.727619 -64.008355 -63.884649 5.961006 4.111385 4.195329 6.082714
3122 -63.760944 -63.884649 -65.162910 -65.036729 7.970099 6.082714 6.204423 8.129572
3123 -63.884649 -64.008355 -65.289091 -65.162910 6.082714 4.195329 4.279273 6.204423
3124 -65.036729 -65.162910 -66.441172 -66.312515 8.129572 6.204423 6.326131 8.289045
3125 -65.162910 -65.289091 -66.569828 -66.441172 6.204423 4.279273 4.363217 6.326131
3126 -66.312515 -66.441172 -67.719433 -67.588301 8.289045 6.326131 6.447839 8.448518
3127 -66.441172 -66.569828 -67.850564 -67.719433 6.326131 4.363217 4.447161 6.447839
3128 -67.588301 -67.719433 -68.997694 -68.864087 8.448518 6.447839 6.569548 8.607991
3129 -67.719433 -67.850564 -69.131300 -68.997694 6.447839 4.447161 4.531105 6.569548
3130 -60.166146 -60.282426 -61.565638 -61.446882 3.943498 2.169406 2.215585 4.027441
3131 -60.282426 -60.398706 -61.684393 -61.565638 2.169406 0.395314 0.403729 2.215585
3132 -61.446882 -61.565638 -62.848849 -62.727619 4.027441 2.215585 2.261765 4.111385
3133 -61.565638 -61.684393 -62.970080 -62.848849 2.215585 0.403729 0.412144 2.261765
3134 -62.727619 -62.848849 -64.132061 -64.008355 4.111385 2.261765 2.307944 4.195329
3135 -62.848849 -62.970080 -64.255767 -64.132061 2.261765 0.412144 0.420559 2.307944
3136 -64.008355 -64.132061 -65.415272 -65.289091 4.195329 2.307944 2.354124 4.279273
3137 -64.132061 -64.255767 -65.541453 -65.415272 2.307944 0.420559 0.428974 2.354124
3138 -65.289091 -65.415272 -66.698484 -66.569828 4.279273 2.354124 2.400303 4.363217
3139 -65.415272 -65.541453 -66.827140 -66.698484 2.354124 0.428974 0.437389 2.400303
3140 -66.569828 -66.698484 -67.981695 -67.850564 4.363217 2.400303 2.446482 4.447161
3141 -66.698484 -66.827140 -68.112827 -67.981695 2.400303 0.437389 0.445804 2.446482
3142 -67.850564 -67.981695 -69.264907 -69.131300 4.447161 2.446482 2.492662 4.531105
3143 -67.981695 -68.112827 -69.398514 -69.264907 2.446482 0.445804 0.454219 2.492662
3144 -60.398706 -60.282426 -61.565638 -61.684393 -0.395314 -2.169406 -2.215585 -0.403729
3145 -60.282426 -60.166146 -61.446882 -61.565638 -2.169406 -3.943498 -4.027441 -2.215585
3146 -61.684393 -61.565638 -62.848849 -62.970080 -0.403729 -2.215585 -2.261765 -0.412144
3147 -61.565638 -61.446882 -62.727619 -62.848849 -2.215585 -4.027441 -4.111385 -2.261765
3148 -62.970080 -62.848849 -64.132061 -64.255767 -0.412144 -2.261765 -2.307944 -0.420559
3149 -62.848849 -62.727619 -64.008355 -64.132061 -2.261765 -4.111385 -4.195329 -2.307944
3150 -64.255767 -64.132061 -65.415272 -65.541453 -0.420559 -2.307944 -2.354124 -0.428974
3151 -64.132061 -64.008355 -65.289091 -65.415272 -2.307944 -4.195329 -4.279273 -2.354124
3152 -65.541453 -65.415272 -66.698484 -66.827140 -0.428974 -2.354124 -2.400303 -0.437389
3153 -65.415272 -65.289091 -66.569828 -66.698484 -2.354124 -4.279273 -4.363217 -2.400303
3154 -66.827140 -66.698484 -67.981695 -68.112827 -0.437389 -2.400303 -2.446482 -0.445804
3155 -66.698484 -66.569828 -67.850564 -67.981695 -2.400303 -4.363217 -4.447161 -2.446482
3156 -68.112827 -67.981695 -69.264907 -69.398514 -0.445804 -2.446482 -2.492662 -0.454219
3157 -67.981695 -67.850564 -69.131300 -69.264907 -2.446482 -4.447161 -4.531105 -2.492662
3158 -60.166146 -60.049866 -61.328127 -61.446882 -3.943498 -5.717589 -5.839298 -4.027441
3159 -60.049866 -59.933586 -61.209372 -61.328127 -5.717589 -7.491681 -7.651154 -5.839298
3160 -61.446882 -61.328127 -62.606388 -62.727619 -4.027441 -5.839298 -5.961006 -4.111385
3161 -61.328127 -61.209372 -62.485158 -62.606388 -5.839298 -7.651154 -7.810627 -5.961006
3162 -62.727619 -62.606388 -63.884649 -64.008355 -4.111385 -5.961006 -6.082714 -4.195329
3163 -62.606388 -62.485158 -63.760944 -63.884649 -5.961006 -7.810627 -7.970099 -6.082714
3164 -64.008355 -63.884649 -65.162910 -65.289091 -4.195329 -6.082714 -6.204423 -4.279273
3165 -63.884649 -63.760944 -65.036729 -65.162910 -6.082714 -7.970099 -8.129572 -6.204423
3166 -65.289091 -65.162910 -66.441172 -66.569828 -4.279273 -6.204423 -6.326131 -4.363217
3167 -65.162910 -65.036729 -66.312515 -66.441172 -6.204423 -8.129572 -8.289045 -6.326131
3168 -66.569828 -66.441172 -67.719433 -67.850564 -4.363217 -6.326131 -6.447839 -4.447161
3169 -66.441172 -66.312515 -67.588301 -67.719433 -6.326131 -8.289045 -8.448518 -6.447839
3170 -67.850564 -67.719433 -68.997694 -69.131300 -4.447161 -6.447839 -6.569548 -4.531105
3171 -67.719433 -67.588301 -68.864087 -68.997694 -6.447839 -8.448518 -8.607991 -6.569548
3172 -59.830388 -59.483537 -60.749743 -61.103977 -8.275545 -10.019282 -10.232559 -8.451704
3173 -59.483537 -59.136687 -60.395509 -60.749743 -10.019282 -11.763018 -12.013414 -10.232559
3174 -61.103977 -60.749743 -62.015949 -62.377566 -8.451704 -10.232559 -10.445836 -8.627863
3175 -60.749743 -60.395509 -61.654332 -62.015949 -10.232559 -12.013414 -12.263809 -10.445836
3176 -62.377566 -62.015949 -63.282155 -63.651156 -8.627863 -10.445836 -10.659113 -8.804022
3177 -62.015949 -61.654332 -62.913154 -63.282155 -10.445836 -12.263809 -12.514204 -10.659113
3178 -63.651156 -63.282155 -64.548361 -64.924745 -8.804022 -10.659113 -10.872390 -8.980180
3179 -63.282155 -62.913154 -64.171977 -64.548361 -10.659113 -12.514204 -12.764600 -10.872390
3180 -64.924745 -64.548361 -65.814567 -66.198334 -8.980180 -10.872390 -11.085667 -9.156339
3181 -64.548361 -64.171977 -65.430799 -65.814567 -10.872390 -12.764600 -13.014995 -11.085667
3182 -66.198334 -65.814567 -67.080773 -67.471923 -9.156339 -11.085667 -11.298944 -9.332498
3183 -65.814567 -65.430799 -66.689622 -67.080773 -11.085667 -13.014995 -13.265391 -11.298944
3184 -67.471923 -67.080773 -68.346978 -68.745512 -9.332498 -11.298944 -11.512221 -9.508657
3185 -67.080773 -66.689622 -67.948445 -68.346978 -11.298944 -13.265391 -13.515786 -11.512221
3186 -59.136687 -58.789836 -60.041275 -60.395509 -11.763018 -13.506755 -13.794269 -12.013414
3187 -58.789836 -58.442985 -59.687041 -60.041275 -13.506755 -15.250491 -15.575123 -13.794269
3188 -60.395509 -60.041275 -61.292714 -61.654332 -12.013414 -13.794269 -14.081782 -12.263809
3189 -60.041275 -59.687041 -60.931097 -61.292714 -13.794269 -15.575123 -15.899755 -14.081782
3190 -61.654332 -61.292714 -62.544154 -62.913154 -12.263809 -14.081782 -14.369296 -12.514204
3191 -61.292714 -60.931097 -62.175153 -62.544154 -14.081782 -15.899755 -16.224387 -14.369296
3192 -62.913154 -62.544154 -63.795593 -64.171977 -12.514204 -14.369296 -14.656810 -12.764600
3193 -62.544154 -62.175153 -63.419209 -63.795593 -14.369296 -16.224387 -16.549019 -14.656810
3194 -64.171977 -63.795593 -65.047032 -65.430799 -12.764600 -14.656810 -14.944323 -13.014995
3195 -63.795593 -63.419209 -64.663265 -65.047032 -14.656810 -16.549019 -16.873651 -14.944323
3196 -65.430799 -65.047032 -66.298472 -66.689622 -13.014995 -14.944323 -15.231837 -13.265391
3197 -65.047032 -64.663265 -65.907321 -66.298472 -14.944323 -16.873651 -17.198283 -15.231837
3198 -66.689622 -66.298472 -67.549911 -67.948445 -13.265391 -15.231837 -15.519351 -13.515786
3199 -66.298472 -65.907321 -67.151377 -67.549911 -15.231837 -17.198283 -17.522915 -15.519351
3200 -58.238355 -57.666869 -58.894404 -59.478056 -16.014180 -17.697725 -18.074451 -16.355068
3201 -57.666869 -57.095382 -58.310752 -58.894404 -17.697725 -19.381271 -19.793833 -18.074451
3202 -59.478056 -58.894404 -60.121939 -60.717756 -16.355068 -18.074451 -18.451176 -16.695957
3203 -58.894404 -58.310752 -59.526122 -60.121939 -18.074451 -19.793833 -20.206396 -18.451176
3204 -60.717756 -60.121939 -61.349474 -61.957456 -16.695957 -18.451176 -18.827902 -17.036845
3205 -60.121939 -59.526122 -60.741492 -61.349474 -18.451176 -20.206396 -20.618958 -18.827902
3206 -61.957456 -61.349474 -62.577009 -63.197156 -17.036845 -18.827902 -19.204627 -17.377733
3207 -61.349474 -60.741492 -61.956862 -62.577009 -18.827902 -20.618958 -21.031521 -19.204627
3208 -63.197156 -62.577009 -63.804544 -64.436856 -17.377733 -19.204627 -19.581353 -17.718622
3209 -62.577009 -61.956862 -63.172232 -63.804544 -19.204627 -21.031521 -21.444083 -19.581353
3210 -64.436856 -63.804544 -65.032079 -65.676556 -17.718622 -19.581353 -19.958078 -18.059510
3211 -63.804544 -63.172232 -64.387602 -65.032079 -19.581353 -21.444083 -21.856646 -19.958078
3212 -65.676556 -65.032079 -66.259614 -66.916256 -18.059510 -19.958078 -20.334803 -18.400399
3213 -65.032079 -64.387602 -65.602972 -66.259614 -19.958078 -21.856646 -22.269208 -20.334803
3214 -57.095382 -56.523895 -57.727100 -58.310752 -19.381271 -21.064816 -21.513216 -19.793833
3215 -56.523895 -55.952409 -57.143449 -57.727100 -21.064816 -22.748362 -23.232598 -21.513216
3216 -58.310752 -57.727100 -58.930305 -59.526122 -19.793833 -21.513216 -21.961615 -20.206396
3217 -57.727100 -57.143449 -58.334489 -58.930305 -21.513216 -23.232598 -23.716835 -21.961615
3218 -59.526122 -58.930305 -60.133510 -60.741492 -20.206396 -21.961615 -22.410015 -20.618958
3219 -58.930305 -58.334489 -59.525529 -60.133510 -21.961615 -23.716835 -24.201071 -22.410015
3220 -60.741492 -60.133510 -61.336715 -61.956862 -20.618958 -22.410015 -22.858414 -21.031521
3221 -60.133510 -59.525529 -60.716568 -61.336715 -22.410015 -24.201071 -24.685308 -22.858414
3222 -61.956862 -61.336715 -62.539920 -63.172232 -21.031521 -22.858414 -23.306814 -21.444083
3223 -61.336715 -60.716568 -61.907608 -62.539920 -22.858414 -24.685308 -25.169545 -23.306814
3224 -63.172232 -62.539920 -63.743125 -64.387602 -21.444083 -23.306814 -23.755214 -21.856646
3225 -62.539920 -61.907608 -63.098648 -63.743125 -23.306814 -25.169545 -25.653781 -23.755214
3226 -64.387602 -63.743125 -64.946330 -65.602972 -21.856646 -23.755214 -24.203613 -22.269208
3227 -63.743125 -63.098648 -64.289688 -64.946330 -23.755214 -25.653781 -26.138018 -24.203613
3228 -55.649848 -54.863504 -56.031365 -56.834448 -23.478807 -25.073355 -25.607083 -23.978592
3229 -54.863504 -54.077160 -55.228282 -56.031365 -25.073355 -26.667904 -27.235575 -25.607083
3230 -56.834448 -56.031365 -57.199226 -58.019047 -23.978592 -25.607083 -26.140811 -24.478378
3231 -56.031365 -55.228282 -56.379404 -57.199226 -25.607083 -27.235575 -27.803245 -26.140811
3232 -58.019047 -57.199226 -58.367086 -59.203647 -24.478378 -26.140811 -26.674540 -24.978163
3233 -57.199226 -56.379404 -57.530526 -58.367086 -26.140811 -27.803245 -28.370916 -26.674540
3234 -59.203647 -58.367086 -59.534947 -60.388246 -24.978163 -26.674540 -27.208268 -25.477949
3235 -58.367086 -57.530526 -58.681648 -59.534947 -26.674540 -28.370916 -28.938586 -27.208268
3236 -60.388246 -59.534947 -60.702808 -61.572845 -25.477949 -27.208268 -27.741996 -25.977734
3237 -59.534947 -58.681648 -59.832770 -60.702808 -27.208268 -28.938586 -29.506257 -27.741996
3238 -61.572845 -60.702808 -61.870669 -62.757445 -25.977734 -27.741996 -28.275724 -26.477519
3239 -60.702808 -59.832770 -60.983893 -61.870669 -27.741996 -29.506257 -30.073928 -28.275724
3240 -62.757445 -61.870669 -63.038529 -63.942044 -26.477519 -28.275724 -28.809452 -26.977305
3241 -61.870669 -60.983893 -62.135015 -63.038529 -28.275724 -30.073928 -30.641598 -28.809452
3242 -54.077160 -53.290815 -54.425199 -55.228282 -26.667904 -28.262452 -28.864066 -27.235575
3243 -53.290815 -52.504471 -53.622116 -54.425199 -28.262452 -29.857001 -30.492557 -28.864066
3244 -55.228282 -54.425199 -55.559582 -56.379404 -27.235575 -28.864066 -29.465679 -27.803245
3245 -54.425199 -53.622116 -54.739761 -55.559582 -28.864066 -30.492557 -31.128113 -29.465679
3246 -56.379404 -55.559582 -56.693966 -57.530526 -27.803245 -29.465679 -30.067292 -28.370916
3247 -55.559582 -54.739761 -55.857406 -56.693966 -29.465679 -31.128113 -31.763668 -30.067292
3248 -57.530526 -56.693966 -57.828349 -58.681648 -28.370916 -30.067292 -30.668905 -28.938586
3249 -56.693966 -55.857406 -56.975051 -57.828349 -30.067292 -31.763668 -32.399224 -30.668905
3250 -58.681648 -57.828349 -58.962733 -59.832770 -28.938586 -30.668905 -31.270519 -29.506257
3251 -57.828349 -56.975051 -58.092695 -58.962733 -30.668905 -32.399224 -33.034780 -31.270519
3252 -59.832770 -58.962733 -60.097116 -60.983893 -29.506257 -31.270519 -31.872132 -30.073928
3253 -58.962733 -58.092695 -59.210340 -60.097116 -31.270519 -33.034780 -33.670336 -31.872132
3254 -60.983893 -60.097116 -61.231500 -62.135015 -30.073928 -31.872132 -32.473745 -30.641598
3255 -60.097116 -59.210340 -60.327985 -61.231500 -31.872132 -33.670336 -34.305892 -32.473745
3256 -52.109157 -51.121410 -52.209614 -53.218387 -30.541705 -32.019974 -32.701572 -31.191836
3257 -51.121410 -50.133662 -51.200840 -52.209614 -32.019974 -33.498242 -34.211308 -32.701572
3258 -53.218387 -52.209614 -53.297818 -54.327617 -31.191836 -32.701572 -33.383170 -31.841967
3259 -52.209614 -51.200840 -52.268019 -53.297818 -32.701572 -34.211308 -34.924374 -33.383170
3260 -54.327617 -53.297818 -54.386022 -55.436847 -31.841967 -33.383170 -34.064769 -32.492098
3261 -53.297818 -52.268019 -53.335197 -54.386022 -33.383170 -34.924374 -35.637439 -34.064769
3262 -55.436847 -54.386022 -55.474226 -56.546077 -32.492098 -34.064769 -34.746367 -33.142229
3263 -54.386022 -53.335197 -54.402375 -55.474226 -34.064769 -35.637439 -36.350505 -34.746367
3264 -56.546077 -55.474226 -56.562430 -57.655307 -33.142229 -34.746367 -35.427965 -33.792360
3265 -55.474226 -54.402375 -55.469553 -56.562430 -34.746367 -36.350505 -37.063571 -35.427965
3266 -57.655307 -56.562430 -57.650634 -58.764536 -33.792360 -35.427965 -36.109564 -34.442491
3267 -56.562430 -55.469553 -56.536732 -57.650634 -35.427965 -37.063571 -37.776636 -36.109564
3268 -58.764536 -57.650634 -58.738838 -59.873766 -34.442491 -36.109564 -36.791162 -35.092622
3269 -57.650634 -56.536732 -57.603910 -58.738838 -36.109564 -37.776636 -38.489702 -36.791162
3270 -50.133662 -49.145915 -50.192067 -51.200840 -33.498242 -34.976511 -35.721044 -34.211308
3271 -49.145915 -48.158167 -49.183294 -50.192067 -34.976511 -36.454779 -37.230779 -35.721044
3272 -51.200840 -50.192067 -51.238220 -52.268019 -34.211308 -35.721044 -36.465577 -34.924374
3273 -50.192067 -49.183294 -50.208421 -51.238220 -35.721044 -37.230779 -38.006780 -36.465577
3274 -52.268019 -51.238220 -52.284372 -53.335197 -34.924374 -36.465577 -37.210110 -35.637439
3275 -51.238220 -50.208421 -51.233547 -52.284372 -36.465577 -38.006780 -38.782780 -37.210110
3276 -53.335197 -52.284372 -53.330524 -54.402375 -35.637439 -37.210110 -37.954643 -36.350505
3277 -52.284372 -51.233547 -52.258674 -53.330524 -37.210110 -38.782780 -39.558781 -37.954643
3278 -54.402375 -53.330524 -54.376677 -55.469553 -36.350505 -37.954643 -38.699176 -37.063571
3279 -53.330524 -52.258674 -53.283800 -54.376677 -37.954643 -39.558781 -40.334781 -38.699176
3280 -55.469553 -54.376677 -55.422829 -56.536732 -37.063571 -38.699176 -39.443709 -37.776636
3281 -54.376677 -53.283800 -54.308927 -55.422829 -38.699176 -40.334781 -41.110782 -39.443709
3282 -56.536732 -55.422829 -56.468982 -57.603910 -37.776636 -39.443709 -40.188242 -38.489702
3283 -55.422829 -54.308927 -55.334053 -56.468982 -39.443709 -41.110782 -41.886782 -40.188242
3284 -47.676863 -46.504614 -47.494541 -48.691745 -37.082027 -38.418721 -39.236528 -37.871379
3285 -46.504614 -45.332364 -46.297338 -47.494541 -38.418721 -39.755416 -40.601676 -39.236528
3286 -48.691745 -47.494541 -48.484469 -49.706626 -37.871379 -39.236528 -40.054334 -38.660732
3287 -47.494541 -46.297338 -47.262313 -48.484469 -39.236528 -40.601676 -41.447936 -40.054334
3288 -49.706626 -48.484469 -49.474397 -50.721507 -38.660732 -40.054334 -40.872140 -39.450084
3289 -48.484469 -47.262313 -48.227288 -49.474397 -40.054334 -41.447936 -42.294196 -40.872140
3290 -50.721507 -49.474397 -50.464325 -51.736388 -39.450084 -40.872140 -41.689946 -40.239437
3291 -49.474397 -48.227288 -49.192262 -50.464325 -40.872140 -42.294196 -43.140456 -41.689946
3292 -51.736388 -50.464325 -51.454253 -52.751269 -40.239437 -41.689946 -42.507753 -41.028789
3293 -50.464325 -49.192262 -50.157237 -51.454253 -41.689946 -43.140456 -43.986716 -42.507753
3294 -52.751269 -51.454253 -52.444181 -53.766151 -41.028789 -42.507753 -43.325559 -41.818142
3295 -51.454253 -50.157237 -51.122212 -52.444181 -42.507753 -43.986716 -44.832976 -43.325559
3296 -53.766151 -52.444181 -53.434109 -54.781032 -41.818142 -43.325559 -44.143365 -42.607494
3297 -52.444181 -51.122212 -52.087186 -53.434109 -43.325559 -44.832976 -45.679236 -44.143365
3298 -45.332364 -44.160114 -45.100135 -46.297338 -39.755416 -41.092111 -41.966825 -40.601676
3299 -44.160114 -42.987864 -43.902932 -45.100135 -41.092111 -42.428805 -43.331973 -41.966825
3300 -46.297338 -45.100135 -46.040157 -47.262313 -40.601676 -41.966825 -42.841538 -41.447936
3301 -45.100135 -43.902932 -44.818000 -46.040157 -41.966825 -43.331973 -44.235141 -42.841538
3302 -47.262313 -46.040157 -46.980178 -48.227288 -41.447936 -42.841538 -43.716252 -42.294196
3303 -46.040157 -44.818000 -45.733068 -46.980178 -42.841538 -44.235141 -45.138308 -43.716252
3304 -48.227288 -46.980178 -47.920199 -49.192262 -42.294196 -43.716252 -44.590966 -43.140456
3305 -46.980178 -45.733068 -46.648136 -47.920199 -43.716252 -45.138308 -46.041476 -44.590966
3306 -49.192262 -47.920199 -48.860221 -50.157237 -43.140456 -44.590966 -45.465680 -43.986716
3307 -47.920199 -46.648136 -47.563205 -48.860221 -44.590966 -46.041476 -46.944643 -45.465680
3308 -50.157237 -48.860221 -49.800242 -51.122212 -43.986716 -45.465680 -46.340394 -44.832976
3309 -48.860221 -47.563205 -48.478273 -49.800242 -45.465680 -46.944643 -47.847811 -46.340394
3310 -51.122212 -49.800242 -50.740263 -52.087186 -44.832976 -46.340394 -47.215107 -45.679236
3311 -49.800242 -48.478273 -49.393341 -50.740263 -46.340394 -47.847811 -48.750978 -47.215107
3312 -42.428805 -41.092111 -41.966825 -43.331973 -42.987864 -44.160114 -45.100135 -43.902932
3313 -41.092111 -39.755416 -40.601676 -41.966825 -44.160114 -45.332364 -46.297338 -45.100135
3314 -43.331973 -41.966825 -42.841538 -44.235141 -43.902932 -45.100135 -46.040157 -44.818000
3315 -41.966825 -40.601676 -41.447936 -42.841538 -45.100135 -46.297338 -47.262313 -46.040157
3316 -44.235141 -42.841538 -43.716252 -45.138308 -44.818000 -46.040157 -46.980178 -45.733068
3317 -42.841538 -41.447936 -42.294196 -43.716252 -46.040157 -47.262313 -48.227288 -46.980178
3318 -45.138308 -43.716252 -44.590966 -46.041476 -45.733068 -46.980178 -47.920199 -46.648136
3319 -43.716252 -42.294196 -43.140456 -44.590966 -46.980178 -48.227288 -49.192262 -47.920199
3320 -46.041476 -44.590966 -45.465680 -46.944643 -46.648136 -47.920199 -48.860221 -47.563205
3321 -44.590966 -43.140456 -43.986716 -45.465680 -47.920199 -49.192262 -50.157237 -48.860221
3322 -46.944643 -45.465680 -46.340394 -47.847811 -47.563205 -48.860221 -49.800242 -48.478273
3323 -45.465680 -43.986716 -44.832976 -46.340394 -48.860221 -50.157237 -51.122212 -49.800242
3324 -47.847811 -46.340394 -47.215107 -48.750978 -48.478273 -49.800242 -50.740263 -49.393341
3325 -46.340394 -44.832976 -45.679236 -47.215107 -49.800242 -51.122212 -52.087186 -50.740263
3326 -39.755416 -38.418721 -39.236528 -40.601676 -45.332364 -46.504614 -47.494541 -46.297338
3327 -38.418721 -37.082027 -37.871379 -39.236528 -46.504614 -47.676863 -48.691745 -47.494541
3328 -40.601676 -39.236528 -40.054334 -41.447936 -46.297338 -47.494541 -48.484469 -47.262313
3329 -39.236528 -37.871379 -38.660732 -40.054334 -47.494541 -48.691745 -49.706626 -48.484469
3330 -41.447936 -40.054334 -40.872140 -42.294196 -47.262313 -48.484469 -49.474397 -48.227288
3331 -40.054334 -38.660732 -39.450084 -40.872140 -48.484469 -49.706626 -50.721507 -49.474397
3332 -42.294196 -40.872140 -41.689946 -43.140456 -48.227288 -49.474397 -50.464325 -49.192262
3333 -40.872140 -39.450084 -40.239437 -41.689946 -49.474397 -50.721507 -51.736388 -50.464325
3334 -43.140456 -41.689946 -42.507753 -43.986716 -49.192262 -50.464325 -51.454253 -50.157237
3335 -41.689946 -40.239437 -41.028789 -42.507753 -50.464325 -51.736388 -52.751269 -51.454253
3336 -43.986716 -42.507753 -43.325559 -44.832976 -50.157237 -51.454253 -52.444181 -51.122212
3337 -42.507753 -41.028789 -41.818142 -43.325559 -51.454253 -52.751269 -53.766151 -52.444181
3338 -44.832976 -43.325559 -44.143365 -45.679236 -51.122212 -52.444181 -53.434109 -52.087186
3339 -43.325559 -41.818142 -42.607494 -44.143365 -52.444181 -53.766151 -54.781032 -53.434109
3340 -36.454779 -34.976511 -35.721044 -37.230779 -48.158167 -49.145915 -50.192067 -49.183294
3341 -34.976511 -33.498242 -34.211308 -35.721044 -49.145915 -50.133662 -51.200840 -50.192067
3342 -37.230779 -35.721044 -36.465577 -38.006780 -49.183294 -50.192067 -51.238220 -50.208421
3343 -35.721044 -34.211308 -34.924374 -36.465577 -50.192067 -51.200840 -52.268019 -51.238220
3344 -38.006780 -36.465577 -37.210110 -38.782780 -50.208421 -51.238220 -52.284372 -51.233547
3345 -36.465577 -34.924374 -35.637439 -37.210110 -51.238220 -52.268019 -53.335197 -52.284372
3346 -38.782780 -37.210110 -37.954643 -39.558781 -51.233547 -52.284372 -53.330524 -52.258674
3347 -37.210110 -35.637439 -36.350505 -37.954643 -52.284372 -53.335197 -54.402375 -53.330524
3348 -39.558781 -37.954643 -38.699176 -40.334781 -52.258674 -53.330524 -54.376677 -53.283800
3349 -37.954643 -36.350505 -37.063571 -38.699176 -53.330524 -54.402375 -55.469553 -54.376677
3350 -40.334781 -38.699176 -39.443709 -41.110782 -53.283800 -54.376677 -55.422829 -54.308927
3351 -38.699176 -37.063571 -37.776636 -39.443709 -54.376677 -55.469553 -56.536732 -55.422829
3352 -41.110782 -39.443709 -40.188242 -41.886782 -54.308927 -55.422829 -56.468982 -55.334053
3353 -39.443709 -37.776636 -38.489702 -40.188242 -55.422829 -56.536732 -57.603910 -56.468982
3354 -33.498242 -32.019974 -32.701572 -34.211308 -50.133662 -51.121410 -52.209614 -51.200840
3355 -32.019974 -30.541705 -31.191836 -32.701572 -51.121410 -52.109157 -53.218387 -52.209614
3356 -34.211308 -32.701572 -33.383170 -34.924374 -51.200840 -52.209614 -53.297818 -52.268019
3357 -32.701572 -31.191836 -31.841967 -33.383170 -52.209614 -53.218387 -54.327617 -53.297818
3358 -34.924374 -33.383170 -34.064769 -35.637439 -52.268019 -53.297818 -54.386022 -53.335197
3359 -33.383170 -31.841967 -32.492098 -34.064769 -53.297818 -54.327617 -55.436847 -54.386022
3360 -35.637439 -34.064769 -34.746367 -36.350505 -53.335197 -54.386022 -55.474226 -54.402375
3361 -34.064769 -32.492098 -33.142229 -34.746367 -54.386022 -55.436847 -56.546077 -55.474226
3362 -36.350505 -34.746367 -35.427965 -37.063571 -54.402375 -55.474226 -56.562430 -55.469553
3363 -34.746367 -33.142229 -33.792360 -35.427965 -55.474226 -56.546077 -57.655307 -56.562430
3364 -37.063571 -35.427965 -36.109564 -37.776636 -55.469553 -56.562430 -57.650634 -56.536732
3365 -35.427965 -33.792360 -34.442491 -36.109564 -56.562430 -57.655307 -58.764536 -57.650634
3366 -37.776636 -36.109564 -36.791162 -38.489702 -56.536732 -57.650634 -58.738838 -57.603910
3367 -36.109564 -34.442491 -35.092622 -36.791162 -57.650634 -58.764536 -59.873766 -58.738838
3368 -29.857001 -28.262452 -28.864066 -30.492557 -52.504471 -53.290815 -54.425199 -53.622116
3369 -28.262452 -26.667904 -27.235575 -28.864066 -53.290815 -54.077160 -55.228282 -54.425199
3370 -30.492557 -28.864066 -29.465679 -31.128113 -53.622116 -54.425199 -55.559582 -54.739761
3371 -28.864066 -27.235575 -27.803245 -29.465679 -54.425199 -55.228282 -56.379404 -55.559582
3372 -31.128113 -29.465679 -30.067292 -31.763668 -54.739761 -55.559582 -56.693966 -55.857406
3373 -29.465679 -27.803245 -28.370916 -30.067292 -55.559582 -56.379404 -57.530526 -56.693966
3374 -31.763668 -30.067292 -30.668905 -32.399224 -55.857406 -56.693966 -57.828349 -56.975051
3375 -30.067292 -28.370916 -28.938586 -30.668905 -56.693966 -57.530526 -58.681648 -57.828349
3376 -32.399224 -30.668905 -31.270519 -33.034780 -56.975051 -57.828349 -58.962733 -58.092695
3377 -30.668905 -28.938586 -29.506257 -31.270519 -57.828349 -58.681648 -59.832770 -58.962733
3378 -33.034780 -31.270519 -31.872132 -33.670336 -58.092695 -58.962733 -60.097116 -59.210340
3379 -31.270519 -29.506257 -30.073928 -31.872132 -58.962733 -59.832770 -60.983893 -60.097116
3380 -33.670336 -31.872132 -32.473745 -34.305892 -59.210340 -60.097116 -61.231500 -60.327985
3381 -31.872132 -30.073928 -30.641598 -32.473745 -60.097116 -60.983893 -62.135015 -61.231500
3382 -26.667904 -25.073355 -25.607083 -27.235575 -54.077160 -54.863504 -56.031365 -55.228282
3383 -25.073355 -23.478807 -23.978592 -25.607083 -54.863504 -55.649848 -56.834448 -56.031365
3384 -27.235575 -25.607083 -26.140811 -27.803245 -55.228282 -56.031365 -57.199226 -56.379404
3385 -25.607083 -23.978592 -24.478378 -26.140811 -56.031365 -56.834448 -58.019047 -57.199226
3386 -27.803245 -26.140811 -26.674540 -28.370916 -56.379404 -57.199226 -58.367086 -57.530526
3387 -26.140811 -24.478378 -24.978163 -26.674540 -57.199226 -58.019047 -59.203647 -58.367086
3388 -28.370916 -26.674540 -27.208268 -28.938586 -57.530526 -58.367086 -59.534947 -58.681648
3389 -26.674540 -24.978163 -25.477949 -27.208268 -58.367086 -59.203647 -60.388246 -59.534947
3390 -28.938586 -27.208268 -27.741996 -29.506257 -58.681648 -59.534947 -60.702808 -59.832770
3391 -27.208268 -25.477949 -25.977734 -27.741996 -59.534947 -60.388246 -61.572845 -60.702808
3392 -29.506257 -27.741996 -28.275724 -30.073928 -59.832770 -60.702808 -61.870669 -60.983893
3393 -27.741996 -25.977734 -26.477519 -28.275724 -60.702808 -61.572845 -62.757445 -61.870669
3394 -30.073928 -28.275724 -28.809452 -30.641598 -60.983893 -61.870669 -63.038529 -62.135015
3395 -28.275724 -26.477519 -26.977305 -28.809452 -61.870669 -62.757445 -63.942044 -63.038529
3396 -22.748362 -21.064816 -21.513216 -23.232598 -55.952409 -56.523895 -57.727100 -57.143449
3397 -21.064816 -19.381271 -19.793833 -21.513216 -56.523895 -57.095382 -58.310752 -57.727100
3398 -23.232598 -21.513216 -21.961615 -23.716835 -57.143449 -57.727100 -58.930305 -58.334489
3399 -21.513216 -19.793833 -20.206396 -21.961615 -57.727100 -58.310752 -59.526122 -58.930305
3400 -23.716835 -21.961615 -22.410015 -24.201071 -58.334489 -58.930305 -60.133510 -59.525529
3401 -21.961615 -20.206396 -20.618958 -22.410015 -58.930305 -59.526122 -60.741492 -60.133510
3402 -24.201071 -22.410015 -22.858414 -24.685308 -59.525529 -60.133510 -61.336715 -60.716568
3403 -22.410015 -20.618958 -21.031521 -22.858414 -60.133510 -60.741492 -61.956862 -61.336715
3404 -24.685308 -22.858414 -23.306814 -25.169545 -60.716568 -61.336715 -62.539920 -61.907608
3405 -22.858414 -21.031521 -21.444083 -23.306814 -61.336715 -61.956862 -63.172232 -62.539920
3406 -25.169545 -23.306814 -23.755214 -25.653781 -61.907608 -62.539920 -63.743125 -63.098648
3407 -23.306814 -21.444083 -21.856646 -23.755214 -62.539920 -63.172232 -64.387602 -63.743125
3408 -25.653781 -23.755214 -24.203613 -26.138018 -63.098648 -63.743125 -64.946330 -64.289688
3409 -23.755214 -21.856646 -22.269208 -24.203613 -63.743125 -64.387602 -65.602972 -64.946330
3410 -19.381271 -17.697725 -18.074451 -19.793833 -57.095382 -57.666869 -58.894404 -58.310752
3411 -17.697725 -16.014180 -16.355068 -18.074451 -57.666869 -58.238355 -59.478056 -58.894404
3412 -19.793833 -18.074451 -18.451176 -20.206396 -58.310752 -58.894404 -60.121939 -59.526122
3413 -18.074451 -16.355068 -16.695957 -18.451176 -58.894404 -59.478056 -60.717756 -60.121939
3414 -20.206396 -18.451176 -18.827902 -20.618958 -59.526122 -60.121939 -61.349474 -60.741492
3415 -18.451176 -16.695957 -17.036845 -18.827902 -60.121939 -60.717756 -61.957456 -61.349474
3416 -20.618958 -18.827902 -19.204627 -21.031521 -60.741492 -61.349474 -62.577009 -61.956862
3417 -18.827902 -17.036845 -17.377733 -19.204627 -61.349474 -61.957456 -63.197156 -62.577009
3418 -21.031521 -19.204627 -19.581353 -21.444083 -61.956862 -62.577009 -63.804544 -63.172232
3419 -19.204627 -17.377733 -17.718622 -19.581353 -62.577009 -63.197156 -64.436856 -63.804544
3420 -21.444083 -19.581353 -19.958078 -21.856646 -63.172232 -63.804544 -65.032079 -64.387602
3421 -19.581353 -17.718622 -18.059510 -19.958078 -63.804544 -64.436856 -65.676556 -65.032079
3422 -21.856646 -19.958078 -20.334803 -22.269208 -64.387602 -65.032079 -66.259614 -65.602972
3423 -19.958078 -18.059510 -18.400399 -20.334803 -65.032079 -65.676556 -66.916256 -66.259614
3424 -15.250491 -13.506755 -13.794269 -15.575123 -58.442985 -58.789836 -60.041275 -59.687041
3425 -13.506755 -11.763018 -12.013414 -13.794269 -58.789836 -59.136687 -60.395509 -60.041275
3426 -15.575123 -13.794269 -14.081782 -15.899755 -59.687041 -60.041275 -61.292714 -60.931097
3427 -13.794269 -12.013414 -12.263809 -14.081782 -60.041275 -60.395509 -61.654332 -61.292714
3428 -15.899755 -14.081782 -14.369296 -16.224387 -60.931097 -61.292714 -62.544154 -62.175153
3429 -14.081782 -12.263809 -12.514204 -14.369296 -61.292714 -61.654332 -62.913154 -62.544154
3430 -16.224387 -14.369296 -14.656810 -16.549019 -62.175153 -62.544154 -63.795593 -63.419209
3431 -14.369296 -12.514204 -12.764600 -14.656810 -62.544154 -62.913154 -64.171977 -63.795593
3432 -16.549019 -14.656810 -14.944323 -16.873651 -63.419209 -63.795593 -65.047032 -64.663265
3433 -14.656810 -12.764600 -13.014995 -14.944323 -63.795593 -64.171977 -65.430799 -65.047032
3434 -16.873651 -14.944323 -15.231837 -17.198283 -64.663265 -65.047032 -66.298472 -65.907321
3435 -14.944323 -13.014995 -13.265391 -15.231837 -65.047032 -65.430799 -66.689622 -66.298472
3436 -17.198283 -15.231837 -15.519351 -17.522915 -65.907321 -66.298472 -67.549911 -67.151377
3437 -15.231837 -13.265391 -13.515786 -15.519351 -66.298472 -66.689622 -67.948445 -67.549911
3438 -11.763018 -10.019282 -10.232559 -12.013414 -59.136687 -59.483537 -60.749743 -60.395509
3439 -10.019282 -8.275545 -8.451704 -10.232559 -59.483537 -59.830388 -61.103977 -60.749743
3440 -12.013414 -10.232559 -10.445836 -12.263809 -60.395509 -60.749743 -62.015949 -61.654332
3441 -10.232559 -8.451704 -8.627863 -10.445836 -60.749743 -61.103977 -62.377566 -62.015949
3442 -12.263809 -10.445836 -10.659113 -12.514204 -61.654332 -62.015949 -63.282155 -62.913154
3443 -10.445836 -8.627863 -8.804022 -10.659113 -62.015949 -62.377566 -63.651156 -63.282155
3444 -12.514204 -10.659113 -10.872390 -12.764600 -62.913154 -63.282155 -64.548361 -64.171977
3445 -10.659113 -8.804022 -8.980180 -10.872390 -63.282155 -63.651156 -64.924745 -64.548361
3446 -12.764600 -10.872390 -11.085667 -13.014995 -64.171977 -64.548361 -65.814567 -65.430799
3447 -10.872390 -8.980180 -9.156339 -11.085667 -64.548361 -64.924745 -66.198334 -65.814567
3448 -13.014995 -11.085667 -11.298944 -13.265391 -65.430799 -65.814567 -67.080773 -66.689622
3449 -11.085667 -9.156339 -9.332498 -11.298944 -65.814567 -66.198334 -67.471923 -67.080773
3450 -13.265391 -11.298944 -11.512221 -13.515786 -66.689622 -67.080773 -68.346978 -67.948445
3451 -11.298944 -9.332498 -9.508657 -11.512221 -67.080773 -67.471923 -68.745512 -68.346978
3452 -7.491681 -5.717589 -5.839298 -7.651154 -59.933586 -60.049866 -61.328127 -61.209372
3453 -5.717589 -3.943498 -4.027441 -5.839298 -60.049866 -60.166146 -61.446882 -61.328127
3454 -7.651154 -5.839298 -5.961006 -7.810627 -61.209372 -61.328127 -62.606388 -62.485158
3455 -5.839298 -4.027441 -4.111385 -5.961006 -61.328127 -61.446882 -62.727619 -62.606388
3456 -7.810627 -5.961006 -6.082714 -7.970099 -62.485158 -62.606388 -63.884649 -63.760944
3457 -5.961006 -4.111385 -4.195329 -6.082714 -62.606388 -62.727619 -64.008355 -63.884649
3458 -7.970099 -6.082714 -6.204423 -8.129572 -63.760944 -63.884649 -65.162910 -65.036729
3459 -6.082714 -4.195329 -4.279273 -6.204423 -63.884649 -64.008355 -65.289091 -65.162910
3460 -8.129572 -6.204423 -6.326131 -8.289045 -65.036729 -65.162910 -66.441172 -66.312515
3461 -6.204423 -4.279273 -4.363217 -6.326131 -65.162910 -65.289091 -66.569828 -66.441172
3462 -8.289045 -6.326131 -6.447839 -8.448518 -66.312515 -66.441172 -67.719433 -67.588301
3463 -6.326131 -4.363217 -4.447161 -6.447839 -66.441172 -66.569828 -67.850564 -67.719433
3464 -8.448518 -6.447839 -6.569548 -8.607991 -67.588301 -67.719433 -68.997694 -68.864087
3465 -6.447839 -4.447161 -4.531105 -6.569548 -67.719433 -67.850564 -69.131300 -68.997694
3466 -3.943498 -2.169406 -2.215585 -4.027441 -60.166146 -60.282426 -61.565638 -61.446882
3467 -2.169406 -0.395314 -0.403729 -2.215585 -60.282426 -60.398706 -61.684393 -61.565638
3468 -4.027441 -2.215585 -2.261765 -4.111385 -61.446882 -61.565638 -62.848849 -62.727619
3469 -2.215585 -0.403729 -0.412144 -2.261765 -61.565638 -61.684393 -62.970080 -62.848849
3470 -4.111385 -2.261765 -2.307944 -4.195329 -62.727619 -62.848849 -64.132061 -64.008355
3471 -2.261765 -0.412144 -0.420559 -2.307944 -62.848849 -62.970080 -64.255767 -64.132061
3472 -4.195329 -2.307944 -2.354124 -4.279273 -64.008355 -64.132061 -65.415272 -65.289091
3473 -2.307944 -0.420559 -0.428974 -2.354124 -64.132061 -64.255767 -65.541453 -65.415272
3474 -4.279273 -2.354124 -2.400303 -4.363217 -65.289091 -65.415272 -66.698484 -66.569828
3475 -2.354124 -0.428974 -0.437389 -2.400303 -65.415272 -65.541453 -66.827140 -66.698484
3476 -4.363217 -2.400303 -2.446482 -4.447161 -66.569828 -66.698484 -67.981695 -67.850564
3477 -2.400303 -0.437389 -0.445804 -2.446482 -66.698484 -66.827140 -68.112827 -67.981695
3478 -4.447161 -2.446482 -2.492662 -4.531105 -67.850564 -67.981695 -69.264907 -69.131300
3479 -2.446482 -0.445804 -0.454219 -2.492662 -67.981695 -68.112827 -69.398514 -69.264907
3480 0.395314 2.169406 2.215585 0.403729 -60.398706 -60.282426 -61.565638 -61.684393
3481 2.169406 3.943498 4.027441 2.215585 -60.282426 -60.166146 -61.446882 -61.565638
3482 0.403729 2.215585 2.261765 0.412144 -61.684393 -61.565638 -62.848849 -62.970080
3483 2.215585 4.027441 4.111385 2.261765 -61.565638 -61.446882 -62.727619 -62.848849
3484 0.412144 2.261765 2.307944 0.420559 -62.970080 -62.848849 -64.132061 -64.255767
3485 2.261765 4.111385 4.195329 2.307944 -62.848849 -62.727619 -64.008355 -64.132061
3486 0.420559 2.307944 2.354124 0.428974 -64.255767 -64.132061 -65.415272 -65.541453
3487 2.307944 4.195329 4.279273 2.354124 -64.132061 -64.008355 -65.289091 -65.415272
3488 0.428974 2.354124 2.400303 0.437389 -65.541453 -65.415272 -66.698484 -66.827140
3489 2.354124 4.279273 4.363217 2.400303 -65.415272 -65.289091 -66.569828 -66.698484
3490 0.437389 2.400303 2.446482 0.445804 -66.827140 -66.698484 -67.981695 -68.112827
3491 2.400303 4.363217 4.447161 2.446482 -66.698484 -66.569828 -67.850564 -67.981695
3492 0.445804 2.446482 2.492662 0.454219 -68.112827 -67.981695 -69.264907 -69.398514
3493 2.446482 4.447161 4.531105 2.492662 -67.981695 -67.850564 -69.131300 -69.264907
3494 3.943498 5.717589 5.839298 4.027441 -60.166146 -60.049866 -61.328127 -61.446882
3495 5.717589 7.491681 7.651154 5.839298 -60.049866 -59.933586 -61.209372 -61.328127
3496 4.027441 5.839298 5.961006 4.111385 -61.446882 -61.328127 -62.606388 -62.727619
3497 5.839298 7.651154 7.810627 5.961006 -61.328127 -61.209372 -62.485158 -62.606388
3498 4.111385 5.961006 6.082714 4.195329 -62.727619 -62.606388 -63.884649 -64.008355
3499 5.961006 7.810627 7.970099 6.082714 -62.606388 -62.485158 -63.760944 -63.884649
3500 4.195329 6.082714 6.204423 4.279273 -64.008355 -63.884649 -65.162910 -65.289091
3501 6.082714 7.970099 8.129572 6.204423 -63.884649 -63.760944 -65.036729 -65.162910
3502 4.279273 6.204423 6.326131 4.363217 -65.289091 -65.162910 -66.441172 -66.569828
3503 6.204423 8.129572 8.289045 6.326131 -65.162910 -65.036729 -66.312515 -66.441172
3504 4.363217 6.326131 6.447839 4.447161 -66.569828 -66.441172 -67.719433 -67.850564
3505 6.326131 8.289045 8.448518 6.447839 -66.441172 -66.312515 -67.588301 -67.719433
3506 4.447161 6.447839 6.569548 4.531105 -67.850564 -67.719433 -68.997694 -69.131300
3507 6.447839 8.448518 8.607991 6.569548 -67.719433 -67.588301 -68.864087 -68.997694
3508 8.275545 10.019282 10.232559 8.451704 -59.830388 -59.483537 -60.749743 -61.103977
3509 10.019282 11.763018 12.013414 10.232559 -59.483537 -59.136687 -60.395509 -60.749743
3510 8.451704 10.232559 10.445836 8.627863 -61.103977 -60.749743 -62.015949 -62.377566
3511 10.232559 12.013414 12.263809 10.445836 -60.749743 -60.395509 -61.654332 -62.015949
3512 8.627863 10.445836 10.659113 8.804022 -62.377566 -62.015949 -63.282155 -63.651156
3513 10.445836 12.263809 12.514204 10.659113 -62.015949 -61.654332 -62.913154 -63.282155
3514 8.804022 10.659113 10.872390 8.980180 -63.651156 -63.282155 -64.548361 -64.924745
3515 10.659113 12.514204 12.764600 10.872390 -63.282155 -62.913154 -64.171977 -64.548361
3516 8.980180 10.872390 11.085667 9.156339 -64.924745 -64.548361 -65.814567 -66.198334
3517 10.872390 12.764600 13.014995 11.085667 -64.548361 -64.171977 -65.430799 -65.814567
3518 9.156339 11.085667 11.298944 9.332498 -66.198334 -65.814567 -67.080773 -67.471923
3519 11.085667 13.014995 13.265391 11.298944 -65.814567 -65.430799 -66.689622 -67.080773
3520 9.332498 11.298944 11.512221 9.508657 -67.471923 -67.080773 -68.346978 -68.745512
3521 11.298944 13.265391 13.515786 11.512221 -67.080773 -66.689622 -67.948445 -68.346978
3522 11.763018 13.506755 13.794269 12.013414 -59.136687 -58.789836 -60.041275 -60.395509
3523 13.506755 15.250491 15.575123 13.794269 -58.789836 -58.442985 -59.687041 -60.041275
3524 12.013414 13.794269 14.081782 12.263809 -60.395509 -60.041275 -61.292714 -61.654332
3525 13.794269 15.575123 15.899755 14.081782 -60.041275 -59.687041 -60.931097 -61.292714
3526 12.263809 14.081782 14.369296 12.514204 -61.654332 -61.292714 -62.544154 -62.913154
3527 14.081782 15.899755 16.224387 14.369296 -61.292714 -60.931097 -62.175153 -62.544154
3528 12.514204 14.369296 14.656810 12.764600 -62.913154 -62.544154 -63.795593 -64.171977
3529 14.369296 16.224387 16.549019 14.656810 -62.544154 -62.175153 -63.419209 -63.795593
3530 12.764600 14.656810 14.944323 13.014995 -64.171977 -63.795593 -65.047032 -65.430799
3531 14.656810 16.549019 16.873651 14.944323 -63.795593 -63.419209 -64.663265 -65.047032
3532 13.014995 14.944323 15.231837 13.265391 -65.430799 -65.047032 -66.298472 -66.689622
3533 14.944323 16.873651 17.198283 15.231837 -65.047032 -64.663265 -65.907321 -66.298472
3534 13.265391 15.231837 15.519351 13.515786 -66.689622 -66.298472 -67.549911 -67.948445
3535 15.231837 17.198283 17.522915 15.519351 -66.298472 -65.907321 -67.151377 -67.549911
3536 16.014180 17.697725 18.074451 16.355068 -58.238355 -57.666869 -58.894404 -59.478056
3537 17.697725 19.381271 19.793833 18.074451 -57.666869 -57.095382 -58.310752 -58.894404
3538 16.355068 18.074451 18.451176 16.695957 -59.478056 -58.894404 -60.121939 -60.717756
3539 18.074451 19.793833 20.206396 18.451176 -58.894404 -58.310752 -59.526122 -60.121939
3540 16.695957 18.451176 18.827902 17.036845 -60.717756 -60.121939 -61.349474 -61.957456
3541 18.451176 20.206396 20.618958 18.827902 -60.121939 -59.526122 -60.741492 -61.349474
3542 17.036845 18.827902 19.204627 17.377733 -61.957456 -61.349474 -62.577009 -63.197156
3543 18.827902 20.618958 21.031521 19.204627 -61.349474 -60.741492 -61.956862 -62.577009
3544 17.377733 19.204627 19.581353 17.718622 -63.197156 -62.577009 -63.804544 -64.436856
3545 19.204627 21.031521 21.444083 19.581353 -62.577009 -61.956862 -63.172232 -63.804544
3546 17.718622 19.581353 19.958078 18.059510 -64.436856 -63.804544 -65.032079 -65.676556
3547 19.581353 21.444083 21.856646 19.958078 -63.804544 -63.172232 -64.387602 -65.032079
3548 18.059510 19.958078 20.334803 18.400399 -65.676556 -65.032079 -66.259614 -66.916256
3549 19.958078 21.856646 22.269208 20.334803 -65.032079 -64.387602 -65.602972 -66.259614
3550 19.381271 21.064816 21.513216 19.793833 -57.095382 -56.523895 -57.727100 -58.310752
3551 21.064816 22.748362 23.232598 21.513216 -56.523895 -55.952409 -57.143449 -57.727100
3552 19.793833 21.513216 21.961615 20.206396 -58.310752 -57.727100 -58.930305 -59.526122
3553 21.513216 23.232598 23.716835 21.961615 -57.727100 -57.143449 -58.334489 -58.930305
3554 20.206396 21.961615 22.410015 20.618958 -59.526122 -58.930305 -60.133510 -60.741492
3555 21.961615 23.716835 24.201071 22.410015 -58.930305 -58.334489 -59.525529 -60.133510
3556 20.618958 22.410015 22.858414 21.031521 -60.741492 -60.133510 -61.336715 -61.956862
3557 22.410015 24.201071 24.685308 22.858414 -60.133510 -59.525529 -60.716568 -61.336715
3558 21.031521 22.858414 23.306814 21.444083 -61.956862 -61.336715 -62.539920 -63.172232
3559 22.858414 24.685308 25.169545 23.306814 -61.336715 -60.716568 -61.907608 -62.539920
3560 21.444083 23.306814 23.755214 21.856646 -63.172232 -62.539920 -63.743125 -64.387602
3561 23.306814 25.169545 25.653781 23.755214 -62.539920 -61.907608 -63.098648 -63.743125
3562 21.856646 23.755214 24.203613 22.269208 -64.387602 -63.743125 -64.946330 -65.602972
3563 23.755214 25.653781 26.138018 24.203613 -63.743125 -63.098648 -64.289688 -64.946330
3564 23.478807 25.073355 25.607083 23.978592 -55.649848 -54.863504 -56.031365 -56.834448
3565 25.073355 26.667904 27.235575 25.607083 -54.863504 -54.077160 -55.228282 -56.031365
3566 23.978592 25.607083 26.140811 24.478378 -56.834448 -56.031365 -57.199226 -58.019047
3567 25.607083 27.235575 27.803245 26.140811 -56.031365 -55.228282 -56.379404 -57.199226
3568 24.478378 26.140811 26.674540 24.978163 -58.019047 -57.199226 -58.367086 -59.203647
3569 26.140811 27.803245 28.370916 26.674540 -57.199226 -56.379404 -57.530526 -58.367086
3570 24.978163 26.674540 27.208268 25.477949 -59.203647 -58.367086 -59.534947 -60.388246
3571 26.674540 28.370916 28.938586 27.208268 -58.367086 -57.530526 -58.681648 -59.534947
3572 25.477949 27.208268 27.741996 25.977734 -60.388246 -59.534947 -60.702808 -61.572845
3573 27.208268 28.938586 29.506257 27.741996 -59.534947 -58.681648 -59.832770 -60.702808
3574 25.977734 27.741996 28.275724 26.477519 -61.572845 -60.702808 -61.870669 -62.757445
3575 27.741996 29.506257 30.073928 28.275724 -60.702808 -59.832770 -60.983893 -61.870669
3576 26.477519 28.275724 28.809452 26.977305 -62.757445 -61.870669 -63.038529 -63.942044
3577 28.275724 30.073928 30.641598 28.809452 -61.870669 -60.983893 -62.135015 -63.038529
3578 26.667904 28.262452 28.864066 27.235575 -54.077160 -53.290815 -54.425199 -55.228282
3579 28.262452 29.857001 30.492557 28.864066 -53.290815 -52.504471 -53.622116 -54.425199
3580 27.235575 28.864066 29.465679 27.803245 -55.228282 -54.425199 -55.559582 -56.379404
3581 28.864066 30.492557 31.128113 29.465679 -54.425199 -53.622116 -54.739761 -55.559582
3582 27.803245 29.465679 30.067292 28.370916 -56.379404 -55.559582 -56.693966 -57.530526
3583 29.465679 31.128113 31.763668 30.067292 -55.559582 -54.739761 -55.857406 -56.693966
3584 28.370916 30.067292 30.668905 28.938586 -57.530526 -56.693966 -57.828349 -58.681648
3585 30.067292 31.763668 32.399224 30.668905 -56.693966 -55.857406 -56.975051 -57.828349
3586 28.938586 30.668905 31.270519 29.506257 -58.681648 -57.828349 -58.962733 -59.832770
3587 30.668905 32.399224 33.034780 31.270519 -57.828349 -56.975051 -58.092695 -58.962733
3588 29.506257 31.270519 31.872132 30.073928 -59.832770 -58.962733 -60.097116 -60.983893
3589 31.270519 33.034780 33.670336 31.872132 -58.962733 -58.092695 -59.210340 -60.097116
3590 30.073928 31.872132 32.473745 30.641598 -60.983893 -60.097116 -61.231500 -62.135015
3591 31.872132 33.670336 34.305892 32.473745 -60.097116 -59.210340 -60.327985 -61.231500
3592 30.541705 32.019974 32.701572 31.191836 -52.109157 -51.121410 -52.209614 -53.218387
3593 32.019974 33.498242 34.211308 32.701572 -51.121410 -50.133662 -51.200840 -52.209614
3594 31.191836 32.701572 33.383170 31.841967 -53.218387 -52.209614 -53.297818 -54.327617
3595 32.701572 34.211308 34.924374 33.383170 -52.209614 -51.200840 -52.268019 -53.297818
3596 31.841967 33.383170 34.064769 32.492098 -54.327617 -53.297818 -54.386022 -55.436847
3597 33.383170 34.924374 35.637439 34.064769 -53.297818 -52.268019 -53.335197 -54.386022
3598 32.492098 34.064769 34.746367 33.142229 -55.436847 -54.386022 -55.474226 -56.546077
3599 34.064769 35.637439 36.350505 34.746367 -54.386022 -53.335197 -54.402375 -55.474226
3600 33.142229 34.746367 35.427965 33.792360 -56.546077 -55.474226 -56.562430 -57.655307
3601 34.746367 36.350505 37.063571 35.427965 -55.474226 -54.402375 -55.469553 -56.562430
3602 33.792360 35.427965 36.109564 34.442491 -57.655307 -56.562430 -57.650634 -58.764536
3603 35.427965 37.063571 37.776636 36.109564 -56.562430 -55.469553 -56.536732 -57.650634
3604 34.442491 36.109564 36.791162 35.092622 -58.764536 -57.650634 -58.738838 -59.873766
3605 36.109564 37.776636 38.489702 36.791162 -57.650634 -56.536732 -57.603910 -58.738838
3606 33.498242 34.976511 35.721044 34.211308 -50.133662 -49.145915 -50.192067 -51.200840
3607 34.976511 36.454779 37.230779 35.721044 -49.145915 -48.158167 -49.183294 -50.192067
3608 34.211308 35.721044 36.465577 34.924374 -51.200840 -50.192067 -51.238220 -52.268019
3609 35.721044 37.230779 38.006780 36.465577 -50.192067 -49.183294 -50.208421 -51.238220
3610 34.924374 36.465577 37.210110 35.637439 -52.268019 -51.238220 -52.284372 -53.335197
3611 36.465577 38.006780 38.782780 37.210110 -51.238220 -50.208421 -51.233547 -52.284372
3612 35.637439 37.210110 37.954643 36.350505 -53.335197 -52.284372 -53.330524 -54.402375
3613 37.210110 38.782780 39.558781 37.954643 -52.284372 -51.233547 -52.258674 -53.330524
3614 36.350505 37.954643 38.699176 37.063571 -54.402375 -53.330524 -54.376677 -55.469553
3615 37.954643 39.558781 40.334781 38.699176 -53.330524 -52.258674 -53.283800 -54.376677
3616 37.063571 38.699176 39.443709 37.776636 -55.469553 -54.376677 -55.422829 -56.536732
3617 38.699176 40.334781 41.110782 39.443709 -54.376677 -53.283800 -54.308927 -55.422829
3618 37.776636 39.443709 40.188242 38.489702 -56.536732 -55.422829 -56.468982 -57.603910
3619 39.443709 41.110782 41.886782 40.188242 -55.422829 -54.308927 -55.334053 -56.468982
3620 37.082027 38.418721 39.236528 37.871379 -47.676863 -46.504614 -47.494541 -48.691745
3621 38.418721 39.755416 40.601676 39.236528 -46.504614 -45.332364 -46.297338 -47.494541
3622 37.871379 39.236528 40.054334 38.660732 -48.691745 -47.494541 -48.484469 -49.706626
3623 39.236528 40.601676 41.447936 40.054334 -47.494541 -46.297338 -47.262313 -48.484469
3624 38.660732 40.054334 40.872140 39.450084 -49.706626 -48.484469 -49.474397 -50.721507
3625 40.054334 41.447936 42.294196 40.872140 -48.484469 -47.262313 -48.227288 -49.474397
3626 39.450084 40.872140 41.689946 40.239437 -50.721507 -49.474397 -50.464325 -51.736388
3627 40.872140 42.294196 43.140456 41.689946 -49.474397 -48.227288 -49.192262 -50.464325
3628 40.239437 41.689946 42.507753 41.028789 -51.736388 -50.464325 -51.454253 -52.751269
3629 41.689946 43.140456 43.986716 42.507753 -50.464325 -49.192262 -50.157237 -51.454253
3630 41.028789 42.507753 43.325559 41.818142 -52.751269 -51.454253 -52.444181 -53.766151
3631 42.507753 43.986716 44.832976 43.325559 -51.454253 -50.157237 -51.122212 -52.444181
3632 41.818142 43.325559 44.143365 42.607494 -53.766151 -52.444181 -53.434109 -54.781032
3633 43.325559 44.832976 45.679236 44.143365 -52.444181 -51.122212 -52.087186 -53.434109
3634 39.755416 41.092111 41.966825 40.601676 -45.332364 -44.160114 -45.100135 -46.297338
3635 41.092111 42.428805 43.331973 41.966825 -44.160114 -42.987864 -43.902932 -45.100135
3636 40.601676 41.966825 42.841538 41.447936 -46.297338 -45.100135 -46.040157 -47.262313
3637 41.966825 43.331973 44.235141 42.841538 -45.100135 -43.902932 -44.818000 -46.040157
3638 41.447936 42.841538 43.716252 42.294196 -47.262313 -46.040157 -46.980178 -48.227288
3639 42.841538 44.235141 45.138308 43.716252 -46.040157 -44.818000 -45.733068 -46.980178
3640 42.294196 43.716252 44.590966 43.140456 -48.227288 -46.980178 -47.920199 -49.192262
3641 43.716252 45.138308 46.041476 44.590966 -46.980178 -45.733068 -46.648136 -47.920199
3642 43.140456 44.590966 45.465680 43.986716 -49.192262 -47.920199 -48.860221 -50.157237
3643 44.590966 46.041476 46.944643 45.465680 -47.920199 -46.648136 -47.563205 -48.860221
3644 43.986716 45.465680 46.340394 44.832976 -50.157237 -48.860221 -49.800242 -51.122212
3645 45.465680 46.944643 47.847811 46.340394 -48.860221 -47.563205 -48.478273 -49.800242
3646 44.832976 46.340394 47.215107 45.679236 -51.122212 -49.800242 -50.740263 -52.087186
3647 46.340394 47.847811 48.750978 47.215107 -49.800242 -48.478273 -49.393341 -50.740263
3648 42.987864 44.160114 45.100135 43.902932 -42.428805 -41.092111 -41.966825 -43.331973
3649 44.160114 45.332364 46.297338 45.100135 -41.092111 -39.755416 -40.601676 -41.966825
3650 43.902932 45.100135 46.040157 44.818000 -43.331973 -41.966825 -42.841538 -44.235141
3651 45.100135 46.297338 47.262313 46.040157 -41.966825 -40.601676 -41.447936 -42.841538
3652 44.818000 46.040157 46.980178 45.733068 -44.235141 -42.841538 -43.716252 -45.138308
3653 46.040157 47.262313 48.227288 46.980178 -42.841538 -41.447936 -42.294196 -43.716252
3654 45.733068 46.980178 47.920199 46.648136 -45.138308 -43.716252 -44.590966 -46.041476
3655 46.980178 48.227288 49.192262 47.920199 -43.716252 -42.294196 -43.140456 -44.590966
3656 46.648136 47.920199 48.860221 47.563205 -46.041476 -44.590966 -45.465680 -46.944643
3657 47.920199 49.192262 50.157237 48.860221 -44.590966 -43.140456 -43.986716 -45.465680
3658 47.563205 48.860221 49.800242 48.478273 -46.944643 -45.465680 -46.340394 -47.847811
3659 48.860221 50.157237 51.122212 49.800242 -45.465680 -43.986716 -44.832976 -46.340394
3660 48.478273 49.800242 50.740263 49.393341 -47.847811 -46.340394 -47.215107 -48.750978
3661 49.800242 51.122212 52.087186 50.740263 -46.340394 -44.832976 -45.679236 -47.215107
3662 45.332364 46.504614 47.494541 46.297338 -39.755416 -38.418721 -39.236528 -40.601676
3663 46.504614 47.676863 48.691745 47.494541 -38.418721 -37.082027 -37.871379 -39.236528
3664 46.297338 47.494541 48.484469 47.262313 -40.601676 -39.236528 -40.054334 -41.447936
3665 47.494541 48.691745 49.706626 48.484469 -39.236528 -37.871379 -38.660732 -40.054334
3666 47.262313 48.484469 49.474397 48.227288 -41.447936 -40.054334 -40.872140 -42.294196
3667 48.484469 49.706626 50.721507 49.474397 -40.054334 -38.660732 -39.450084 -40.872140
3668 48.227288 49.474397 50.464325 49.192262 -42.294196 -40.872140 -41.689946 -43.140456
3669 49.474397 50.721507 51.736388 50.464325 -40.872140 -39.450084 -40.239437 -41.689946
3670 49.192262 50.464325 51.454253 50.157237 -43.140456 -41.689946 -42.507753 -43.986716
3671 50.464325 51.736388 52.751269 51.454253 -41.689946 -40.239437 -41.028789 -42.507753
3672 50.157237 51.454253 52.444181 51.122212 -43.986716 -42.507753 -43.325559 -44.832976
3673 51.454253 52.751269 53.766151 52.444181 -42.507753 -41.028789 -41.818142 -43.325559
3674 51.122212 52.444181 53.434109 52.087186 -44.832976 -43.325559 -44.143365 -45.679236
3675 52.444181 53.766151 54.781032 53.434109 -43.325559 -41.818142 -42.607494 -44.143365
3676 48.158167 49.145915 50.192067 49.183294 -36.454779 -34.976511 -35.721044 -37.230779
3677 49.145915 50.133662 51.200840 50.192067 -34.976511 -33.498242 -34.211308 -35.721044
3678 49.183294 50.192067 51.238220 50.208421 -37.230779 -35.721044 -36.465577 -38.006780
3679 50.192067 51.200840 52.268019 51.238220 -35.721044 -34.211308 -34.924374 -36.465577
3680 50.208421 51.238220 52.284372 51.233547 -38.006780 -36.465577 -37.210110 -38.782780
3681 51.238220 52.268019 53.335197 52.284372 -36.465577 -34.924374 -35.637439 -37.210110
3682 51.233547 52.284372 53.330524 52.258674 -38.782780 -37.210110 -37.954643 -39.558781
3683 52.284372 53.335197 54.402375 53.330524 -37.210110 -35.637439 -36.350505 -37.954643
3684 52.258674 53.330524 54.376677 53.283800 -39.558781 -37.954643 -38.699176 -40.334781
3685 53.330524 54.402375 55.469553 54.376677 -37.954643 -36.350505 -37.063571 -38.699176
3686 53.283800 54.376677 55.422829 54.308927 -40.334781 -38.699176 -39.443709 -41.110782
3687 54.376677 55.469553 56.536732 55.422829 -38.699176 -37.063571 -37.776636 -39.443709
3688 54.308927 55.422829 56.468982 55.334053 -41.110782 -39.443709 -40.188242 -41.886782
3689 55.422829 56.536732 57.603910 56.468982 -39.443709 -37.776636 -38.489702 -40.188242
3690 50.133662 51.121410 52.209614 51.200840 -33.498242 -32.019974 -32.701572 -34.211308
3691 51.121410 52.109157 53.218387 52.209614 -32.019974 -30.541705 -31.191836 -32.701572
3692 51.200840 52.209614 53.297818 52.268019 -34.211308 -32.701572 -33.383170 -34.924374
3693 52.209614 53.218387 54.327617 53.297818 -32.701572 -31.191836 -31.841967 -33.383170
3694 52.268019 53.297818 54.386022 53.335197 -34.924374 -33.383170 -34.064769 -35.637439
3695 53.297818 54.327617 55.436847 54.386022 -33.383170 -31.841967 -32.492098 -34.064769
3696 53.335197 54.386022 55.474226 54.402375 -35.637439 -34.064769 -34.746367 -36.350505
3697 54.386022 55.436847 56.546077 55.474226 -34.064769 -32.492098 -33.142229 -34.746367
3698 54.402375 55.474226 56.562430 55.469553 -36.350505 -34.746367 -35.427965 -37.063571
3699 55.474226 56.546077 57.655307 56.562430 -34.746367 -33.142229 -33.792360 -35.427965
3700 55.469553 56.562430 57.650634 56.536732 -37.063571 -35.427965 -36.109564 -37.776636
3701 56.562430 57.655307 58.764536 57.650634 -35.427965 -33.792360 -34.442491 -36.109564
3702 56.536732 57.650634 58.738838 57.603910 -37.776636 -36.109564 -36.791162 -38.489702
3703 57.650634 58.764536 59.873766 58.738838 -36.109564 -34.442491 -35.092622 -36.791162
3704 52.504471 53.290815 54.425199 53.622116 -29.857001 -28.262452 -28.864066 -30.492557
3705 53.290815 54.077160 55.228282 54.425199 -28.262452 -26.667904 -27.235575 -28.864066
3706 53.622116 54.425199 55.559582 54.739761 -30.492557 -28.864066 -29.465679 -31.128113
3707 54.425199 55.228282 56.379404 55.559582 -28.864066 -27.235575 -27.803245 -29.465679
3708 54.739761 55.559582 56.693966 55.857406 -31.128113 -29.465679 -30.067292 -31.763668
3709 55.559582 56.379404 57.530526 56.693966 -29.465679 -27.803245 -28.370916 -30.067292
3710 55.857406 56.693966 57.828349 56.975051 -31.763668 -30.067292 -30.668905 -32.399224
3711 56.693966 57.530526 58.681648 57.828349 -30.067292 -28.370916 -28.938586 -30.668905
3712 56.975051 57.828349 58.962733 58.092695 -32.399224 -30.668905 -31.270519 -33.034780
3713 57.828349 58.681648 59.832770 58.962733 -30.668905 -28.938586 -29.506257 -31.270519
3714 58.092695 58.962733 60.097116 59.210340 -33.034780 -31.270519 -31.872132 -33.670336
3715 58.962733 59.832770 60.983893 60.097116 -31.270519 -29.506257 -30.073928 -31.872132
3716 59.210340 60.097116 61.231500 60.327985 -33.670336 -31.872132 -32.473745 -34.305892
3717 60.097116 60.983893 62.135015 61.231500 -31.872132 -30.073928 -30.641598 -32.473745
3718 54.077160 54.863504 56.031365 55.228282 -26.667904 -25.073355 -25.607083 -27.235575
3719 54.863504 55.649848 56.834448 56.031365 -25.073355 -23.478807 -23.978592 -25.607083
3720 55.228282 56.031365 57.199226 56.379404 -27.235575 -25.607083 -26.140811 -27.803245
3721 56.031365 56.834448 58.019047 57.199226 -25.607083 -23.978592 -24.478378 -26.140811
3722 56.379404 57.199226 58.367086 57.530526 -27.803245 -26.140811 -26.674540 -28.370916
3723 57.199226 58.019047 59.203647 58.367086 -26.140811 -24.478378 -24.978163 -26.674540
3724 57.530526 58.367086 59.534947 58.681648 -28.370916 -26.674540 -27.208268 -28.938586
3725 58.367086 59.203647 60.388246 59.534947 -26.674540 -24.978163 -25.477949 -27.208268
3726 58.681648 59.534947 60.702808 59.832770 -28.938586 -27.208268 -27.741996 -29.506257
3727 59.534947 60.388246 61.572845 60.702808 -27.208268 -25.477949 -25.977734 -27.741996
3728 59.832770 60.702808 61.870669 60.983893 -29.506257 -27.741996 -28.275724 -30.073928
3729 60.702808 61.572845 62.757445 61.870669 -27.741996 -25.977734 -26.477519 -28.275724
3730 60.983893 61.870669 63.038529 62.135015 -30.073928 -28.275724 -28.809452 -30.641598
3731 61.870669 62.757445 63.942044 63.038529 -28.275724 -26.477519 -26.977305 -28.809452
3732 55.952409 56.523895 57.727100 57.143449 -22.748362 -21.064816 -21.513216 -23.232598
3733 56.523895 57.095382 58.310752 57.727100 -21.064816 -19.381271 -19.793833 -21.513216
3734 57.143449 57.727100 58.930305 58.334489 -23.232598 -21.513216 -21.961615 -23.716835
3735 57.727100 58.310752 59.526122 58.930305 -21.513216 -19.793833 -20.206396 -21.961615
3736 58.334489 58.930305 60.133510 59.525529 -23.716835 -21.961615 -22.410015 -24.201071
3737 58.930305 59.526122 60.741492 60.133510 -21.961615 -20.206396 -20.618958 -22.410015
3738 59.525529 60.133510 61.336715 60.716568 -24.201071 -22.410015 -22.858414 -24.685308
3739 60.133510 60.741492 61.956862 61.336715 -22.410015 -20.618958 -21.031521 -22.858414
3740 60.716568 61.336715 62.539920 61.907608 -24.685308 -22.858414 -23.306814 -25.169545
3741 61.336715 61.956862 63.172232 62.539920 -22.858414 -21.031521 -21.444083 -23.306814
3742 61.907608 62.539920 63.743125 63.098648 -25.169545 -23.306814 -23.755214 -25.653781
3743 62.539920 63.172232 64.387602 63.743125 -23.306814 -21.444083 -21.856646 -23.755214
3744 63.098648 63.743125 64.946330 64.289688 -25.653781 -23.755214 -24.203613 -26.138018
3745 63.743125 64.387602 65.602972 64.946330 -23.755214 -21.856646 -22.269208 -24.203613
3746 57.095382 57.666869 58.894404 58.310752 -19.381271 -17.697725 -18.074451 -19.793833
3747 57.666869 58.238355 59.478056 58.894404 -17.697725 -16.014180 -16.355068 -18.074451
3748 58.310752 58.894404 60.121939 59.526122 -19.793833 -18.074451 -18.451176 -20.206396
3749 58.894404 59.478056 60.717756 60.121939 -18.074451 -16.355068 -16.695957 -18.451176
3750 59.526122 60.121939 61.349474 60.741492 -20.206396 -18.451176 -18.827902 -20.618958
3751 60.121939 60.717756 61.957456 61.349474 -18.451176 -16.695957 -17.036845 -18.827902
3752 60.741492 61.349474 62.577009 61.956862 -20.618958 -18.827902 -19.204627 -21.031521
3753 61.349474 61.957456 63.197156 62.577009 -18.827902 -17.036845 -17.377733 -19.204627
3754 61.956862 62.577009 63.804544 63.172232 -21.031521 -19.204627 -19.581353 -21.444083
3755 62.577009 63.197156 64.436856 63.804544 -19.204627 -17.377733 -17.718622 -19.581353
3756 63.172232 63.804544 65.032079 64.387602 -21.444083 -19.581353 -19.958078 -21.856646
3757 63.804544 64.436856 65.676556 65.032079 -19.581353 -17.718622 -18.059510 -19.958078
3758 64.387602 65.032079 66.259614 65.602972 -21.856646 -19.958078 -20.334803 -22.269208
3759 65.032079 65.676556 66.916256 66.259614 -19.958078 -18.059510 -18.400399 -20.334803
3760 58.442985 58.789836 60.041275 59.687041 -15.250491 -13.506755 -13.794269 -15.575123
3761 58.789836 59.136687 60.395509 60.041275 -13.506755 -11.763018 -12.013414 -13.794269
3762 59.687041 60.041275 61.292714 60.931097 -15.575123 -13.794269 -14.081782 -15.899755
3763 60.041275 60.395509 61.654332 61.292714 -13.794269 -12.013414 -12.263809 -14.081782
3764 60.931097 61.292714 62.544154 62.175153 -15.899755 -14.081782 -14.369296 -16.224387
3765 61.292714 61.654332 62.913154 62.544154 -14.081782 -12.263809 -12.514204 -14.369296
3766 62.175153 62.544154 63.795593 63.419209 -16.224387 -14.369296 -14.656810 -16.549019
3767 62.544154 62.913154 64.171977 63.795593 -14.369296 -12.514204 -12.764600 -14.656810
3768 63.419209 63.795593 65.047032 64.663265 -16.549019 -14.656810 -14.944323 -16.873651
3769 63.795593 64.171977 65.430799 65.047032 -14.656810 -12.764600 -13.014995 -14.944323
3770 64.663265 65.047032 66.298472 65.907321 -16.873651 -14.944323 -15.231837 -17.198283
3771 65.047032 65.430799 66.689622 66.298472 -14.944323 -13.014995 -13.265391 -15.231837
3772 65.907321 66.298472 67.549911 67.151377 -17.198283 -15.231837 -15.519351 -17.522915
3773 66.298472 66.689622 67.948445 67.549911 -15.231837 -13.265391 -13.515786 -15.519351
3774 59.136687 59.483537 60.749743 60.395509 -11.763018 -10.019282 -10.232559 -12.013414
3775 59.483537 59.830388 61.103977 60.749743 -10.019282 -8.275545 -8.451704 -10.232559
3776 60.395509 60.749743 62.015949 61.654332 -12.013414 -10.232559 -10.445836 -12.263809
3777 60.749743 61.103977 62.377566 62.015949 -10.232559 -8.451704 -8.627863 -10.445836
3778 61.654332 62.015949 63.282155 62.913154 -12.263809 -10.445836 -10.659113 -12.514204
3779 62.015949 62.377566 63.651156 63.282155 -10.445836 -8.627863 -8.804022 -10.659113
3780 62.913154 63.282155 64.548361 64.171977 -12.514204 -10.659113 -10.872390 -12.764600
3781 63.282155 63.651156 64.924745 64.548361 -10.659113 -8.804022 -8.980180 -10.872390
3782 64.171977 64.548361 65.814567 65.430799 -12.764600 -10.872390 -11.085667 -13.014995
3783 64.548361 64.924745 66.198334 65.814567 -10.872390 -8.980180 -9.156339 -11.085667
3784 65.430799 65.814567 67.080773 66.689622 -13.014995 -11.085667 -11.298944 -13.265391
3785 65.814567 66.198334 67.471923 67.080773 -11.085667 -9.156339 -9.332498 -11.298944
3786 66.689622 67.080773 68.346978 67.948445 -13.265391 -11.298944 -11.512221 -13.515786
3787 67.080773 67.471923 68.745512 68.346978 -11.298944 -9.332498 -9.508657 -11.512221
3788 59.933586 60.049866 61.328127 61.209372 -7.491681 -5.717589 -5.839298 -7.651154
3789 60.049866 60.166146 61.446882 61.328127 -5.717589 -3.943498 -4.027441 -5.839298
3790 61.209372 61.328127 62.606388 62.485158 -7.651154 -5.839298 -5.961006 -7.810627
3791 61.328127 61.446882 62.727619 62.606388 -5.839298 -4.027441 -4.111385 -5.961006
3792 62.485158 62.606388 63.884649 63.760944 -7.810627 -5.961006 -6.082714 -7.970099
3793 62.606388 62.727619 64.008355 63.884649 -5.961006 -4.111385 -4.195329 -6.082714
3794 63.760944 63.884649 65.162910 65.036729 -7.970099 -6.082714 -6.204423 -8.129572
3795 63.884649 64.008355 65.289091 65.162910 -6.082714 -4.195329 -4.279273 -6.204423
3796 65.036729 65.162910 66.441172 66.312515 -8.129572 -6.204423 -6.326131 -8.289045
3797 65.162910 65.289091 66.569828 66.441172 -6.204423 -4.279273 -4.363217 -6.326131
3798 66.312515 66.441172 67.719433 67.588301 -8.289045 -6.326131 -6.447839 -8.448518
3799 66.441172 66.569828 67.850564 67.719433 -6.326131 -4.363217 -4.447161 -6.447839
3800 67.588301 67.719433 68.997694 68.864087 -8.448518 -6.447839 -6.569548 -8.607991
3801 67.719433 67.850564 69.131300 68.997694 -6.447839 -4.447161 -4.531105 -6.569548
3802 60.166146 60.282426 61.565638 61.446882 -3.943498 -2.169406 -2.215585 -4.027441
3803 60.282426 60.398706 61.684393 61.565638 -2.169406 -0.395314 -0.403729 -2.215585
3804 61.446882 61.565638 62.848849 62.727619 -4.027441 -2.215585 -2.261765 -4.111385
3805 61.565638 61.684393 62.970080 62.848849 -2.215585 -0.403729 -0.412144 -2.261765
3806 62.727619 62.848849 64.132061 64.008355 -4.111385 -2.261765 -2.307944 -4.195329
3807 62.848849 62.970080 64.255767 64.132061 -2.261765 -0.412144 -0.420559 -2.307944
3808 64.008355 64.132061 65.415272 65.289091 -4.195329 -2.307944 -2.354124 -4.279273
3809 64.132061 64.255767 65.541453 65.415272 -2.307944 -0.420559 -0.428974 -2.354124
3810 65.289091 65.415272 66.698484 66.569828 -4.279273 -2.354124 -2.400303 -4.363217
3811 65.415272 65.541453 66.827140 66.698484 -2.354124 -0.428974 -0.437389 -2.400303
3812 66.569828 66.698484 67.981695 67.850564 -4.363217 -2.400303 -2.446482 -4.447161
3813 66.698484 66.827140 68.112827 67.981695 -2.400303 -0.437389 -0.445804 -2.446482
3814 67.850564 67.981695 69.264907 69.131300 -4.447161 -2.446482 -2.492662 -4.531105
3815 67.981695 68.112827 69.398514 69.264907 -2.446482 -0.445804 -0.454219 -2.492662
